Student id,name,faculty,place name,reservation date,startdate,startTime,endDate,endTime
1002,Jim,SIT,Science Field,05/01/2018,05/01/2018,09:00,05/01/2018,17:00
1003,Ann,SIT,1st Floor Engineer Building,05/02/2018,05/02/2018,09:00,05/02/2018,18:00
1003,Ann,SIT,Science Field,05/03/2018,05/03/2018,09:00,05/03/2018,19:00
1004,Sandy,Engineering,FIBO Field,05/04/2018,05/04/2018,09:00,05/04/2018,17:00
1004,Sandy,Engineering,Science Field,05/05/2018,05/05/2018,09:00,05/05/2018,17:00
1005,Alex,Science,Science Field,05/06/2018,05/06/2018,09:00,05/06/2018,17:00
1005,Alex,Science,FIBO Field,05/07/2018,05/07/2018,09:00,05/07/2018,17:00
1006,Tony,Liberal Art,Front of SIT,05/08/2018,05/08/2018,09:00,05/08/2018,17:00
1007,Sack,Architect,FIBO Field,05/09/2018,05/09/2018,09:00,05/09/2018,17:00
1007,Sack,Architect,Front of SIT,05/10/2018,05/10/2018,09:00,05/10/2018,17:00
1009,Lee,SIT,FIBO Field,05/11/2018,05/11/2018,09:00,05/11/2018,17:00
1010,Wang,Engineering,Front of SIT,05/12/2018,05/12/2018,09:00,05/12/2018,17:00
1012,Elisa,Liberal Art,Front of SIT,05/13/2018,05/13/2018,09:00,05/13/2018,17:00
1013,Sonny,Architect,FIBO Field,05/14/2018,05/14/2018,09:00,05/14/2018,17:00
1013,Sonny,Architect,Science Field,05/15/2018,05/15/2018,09:00,05/15/2018,17:00
1014,Simba,SIT,Front of SIT,05/16/2018,05/16/2018,09:00,05/16/2018,17:00
1015,jackson,SIT,FIBO Field,05/17/2018,05/17/2018,09:00,05/17/2018,17:00
1016,Jonathan,Engineering,FIBO Field,05/18/2018,05/18/2018,09:00,05/18/2018,17:00
1017,Tom,Science,Science Field,05/19/2018,05/19/2018,09:00,05/19/2018,17:00
1019,Tooky,Architect,Front of SIT,05/20/2018,05/20/2018,09:00,05/20/2018,17:00
1019,Tooky,Architect,Front of SIT,05/21/2018,05/21/2018,09:00,05/21/2018,17:00
1020,Elsa,SIT,Science Field,05/01/2018,05/22/2018,09:00,05/22/2018,17:00
1021,Anna,SIT,Science Field,05/02/2018,05/23/2018,09:00,05/23/2018,17:00
1022,Atonio,Engineering,Science Field,05/03/2018,05/24/2018,09:00,05/24/2018,17:00
1024,Simpson,Liberal Art,Front of SIT,05/04/2018,05/25/2018,09:00,05/25/2018,17:00
1025,John,Architect,Science Field,05/05/2018,05/26/2018,09:00,05/26/2018,17:00
1025,John,Architect,FIBO Field,05/06/2018,05/27/2018,09:00,05/27/2018,17:00
1026,Jack,SIT,FIBO Field,05/07/2018,05/28/2018,09:00,05/28/2018,17:00
1026,Jack,SIT,Science Field,05/08/2018,05/29/2018,09:00,05/29/2018,17:00
1027,Jim,SIT,FIBO Field,05/09/2018,05/30/2018,09:00,05/30/2018,17:00
1029,Sandy,Science,FIBO Field,05/10/2018,05/31/2018,09:00,05/31/2018,17:00
1032,Sack,SIT,Science Field,05/11/2018,06/01/2018,09:00,06/01/2018,17:00
1032,Sack,SIT,FIBO Field,05/12/2018,06/02/2018,09:00,06/02/2018,17:00
1033,Yoi,SIT,Science Field,05/13/2018,06/03/2018,09:00,06/03/2018,17:00
1033,Yoi,SIT,Science Field,05/14/2018,06/04/2018,09:00,06/04/2018,17:00
1036,Chao,Liberal Art,Science Field,05/15/2018,06/05/2018,09:00,06/05/2018,17:00
1037,Elisa,Architect,Science Field,05/16/2018,06/06/2018,09:00,06/06/2018,17:00
1038,Sonny,SIT,FIBO Field,05/17/2018,06/07/2018,09:00,06/07/2018,17:00
1038,Sonny,SIT,Front of SIT,05/18/2018,06/08/2018,09:00,06/08/2018,17:00
1039,Simba,SIT,Science Field,05/19/2018,06/09/2018,09:00,06/09/2018,17:00
1040,jackson,Engineering,1st Floor Engineer Building,05/20/2018,06/10/2018,09:00,06/10/2018,17:00
1040,jackson,Engineering,1st Floor Engineer Building,05/21/2018,06/11/2018,09:00,06/11/2018,17:00
1040,jackson,Engineering,1st Floor Engineer Building,06/12/2018,06/12/2018,09:00,06/12/2018,17:00
1041,Jonathan,Science,Science Field,06/13/2018,06/13/2018,09:00,06/13/2018,17:00
1042,Tom,Liberal Art,Science Field,06/14/2018,06/14/2018,09:00,06/14/2018,17:00
1043,Nick,Architect,FIBO Field,06/15/2018,06/15/2018,09:00,06/15/2018,17:00
1043,Nick,Architect,Science Field,06/16/2018,06/16/2018,09:00,06/16/2018,17:00
1044,Tooky,SIT,Science Field,06/17/2018,06/17/2018,09:00,06/17/2018,17:00
1045,Elsa,SIT,1st Floor Engineer Building,06/18/2018,06/18/2018,09:00,06/18/2018,17:00
1048,Antonio,Liberal Art,1st Floor Engineer Building,06/19/2018,06/19/2018,09:00,06/19/2018,17:00
1050,John,SIT,1st Floor Engineer Building,06/20/2018,06/20/2018,09:00,06/20/2018,17:00
1050,John,SIT,Front of SIT,06/21/2018,06/21/2018,09:00,06/21/2018,17:00
1051,Jack,SIT,Science Field,06/22/2018,06/22/2018,09:00,06/22/2018,17:00
1053,Ann,Science,1st Floor Engineer Building,06/23/2018,06/23/2018,09:00,06/23/2018,17:00
1054,Sandy,Liberal Art,Front of SIT,05/01/2018,06/24/2018,09:00,06/24/2018,17:00
1057,Sack,SIT,1st Floor Engineer Building,05/02/2018,06/25/2018,09:00,06/25/2018,17:00
1058,Yoi,Engineering,Front of SIT,05/03/2018,06/26/2018,09:00,06/26/2018,17:00
1064,Simba,Engineering,Science Field,05/04/2018,06/27/2018,09:00,06/27/2018,17:00
1065,jackson,Science,Science Field,05/05/2018,06/28/2018,09:00,06/28/2018,17:00
1065,jackson,Science,FIBO Field,05/06/2018,06/29/2018,09:00,06/29/2018,17:00
1066,Jonathan,Liberal Art,FIBO Field,05/07/2018,06/30/2018,09:00,06/30/2018,17:00
1066,Jonathan,Liberal Art,FIBO Field,05/08/2018,07/01/2018,09:00,07/01/2018,17:00
1066,Jonathan,Liberal Art,Science Field,05/09/2018,07/02/2018,09:00,07/02/2018,17:00
1067,Tom,Architect,Front of SIT,05/10/2018,07/03/2018,09:00,07/03/2018,17:00
1067,Tom,Architect,FIBO Field,05/11/2018,07/04/2018,09:00,07/04/2018,17:00
1068,Nick,SIT,FIBO Field,05/12/2018,07/05/2018,09:00,07/05/2018,17:00
1068,Nick,SIT,FIBO Field,05/13/2018,07/06/2018,09:00,07/06/2018,17:00
1071,Anna,Science,1st Floor Engineer Building,05/14/2018,07/07/2018,09:00,07/07/2018,17:00
1072,Atonio,Liberal Art,Front of SIT,05/15/2018,07/08/2018,09:00,07/08/2018,17:00
1073,Antonio,Architect,1st Floor Engineer Building,05/16/2018,07/09/2018,09:00,07/09/2018,17:00
1074,Simpson,SIT,Science Field,05/17/2018,07/10/2018,09:00,07/10/2018,17:00
1075,John,SIT,Science Field,05/18/2018,07/11/2018,09:00,07/11/2018,17:00
1075,John,SIT,Science Field,05/19/2018,07/12/2018,09:00,07/12/2018,17:00
1078,Ann,Liberal Art,1st Floor Engineer Building,05/20/2018,07/13/2018,09:00,07/13/2018,17:00
1080,Alex,SIT,Front of SIT,05/21/2018,07/14/2018,09:00,07/14/2018,17:00
1081,Tony,SIT,Front of SIT,07/15/2018,07/15/2018,09:00,07/15/2018,17:00
1081,Tony,SIT,Front of SIT,07/16/2018,07/16/2018,09:00,07/16/2018,17:00
1082,Sack,Engineering,Front of SIT,07/17/2018,07/17/2018,09:00,07/17/2018,17:00
1082,Sack,Engineering,Front of SIT,07/18/2018,07/18/2018,09:00,07/18/2018,17:00
1083,Yoi,Science,Science Field,07/19/2018,07/19/2018,09:00,07/19/2018,17:00
1083,Yoi,Science,1st Floor Engineer Building,07/20/2018,07/20/2018,09:00,07/20/2018,17:00
1083,Yoi,Science,Science Field,07/21/2018,07/21/2018,09:00,07/21/2018,17:00
1084,Lee,Liberal Art,1st Floor Engineer Building,07/22/2018,07/22/2018,09:00,07/22/2018,17:00
1084,Lee,Liberal Art,Science Field,07/23/2018,07/23/2018,09:00,07/23/2018,17:00
1085,Wang,Architect,Science Field,07/24/2018,07/24/2018,09:00,07/24/2018,17:00
1085,Wang,Architect,FIBO Field,07/25/2018,07/25/2018,09:00,07/25/2018,17:00
1085,Wang,Architect,Front of SIT,07/26/2018,07/26/2018,09:00,07/26/2018,17:00
1086,Chao,SIT,FIBO Field,05/01/2018,07/27/2018,09:00,07/27/2018,17:00
1087,Elisa,SIT,Science Field,05/02/2018,07/28/2018,09:00,07/28/2018,17:00
1088,Sonny,Engineering,FIBO Field,05/03/2018,07/29/2018,09:00,07/29/2018,17:00
1089,Simba,Science,Science Field,05/04/2018,07/30/2018,09:00,07/30/2018,17:00
1091,Jonathan,Architect,FIBO Field,05/05/2018,07/31/2018,09:00,07/31/2018,17:00
1094,Tooky,Engineering,FIBO Field,05/06/2018,08/01/2018,09:00,08/01/2018,17:00
1094,Tooky,Engineering,FIBO Field,05/07/2018,08/02/2018,09:00,08/02/2018,17:00
1095,Elsa,Science,Front of SIT,05/08/2018,08/03/2018,09:00,08/03/2018,17:00
1095,Elsa,Science,Science Field,05/09/2018,08/04/2018,09:00,08/04/2018,17:00
1096,Anna,Liberal Art,FIBO Field,05/10/2018,08/05/2018,09:00,08/05/2018,17:00
1096,Anna,Liberal Art,Front of SIT,05/11/2018,08/06/2018,09:00,08/06/2018,17:00
1098,Antonio,SIT,Science Field,05/12/2018,08/07/2018,09:00,08/07/2018,17:00
1098,Antonio,SIT,FIBO Field,05/13/2018,08/08/2018,09:00,08/08/2018,17:00
1101,Jack,Science,FIBO Field,05/14/2018,08/09/2018,09:00,08/09/2018,17:00
1103,Ann,Architect,FIBO Field,05/15/2018,08/10/2018,09:00,08/10/2018,17:00
1104,Sandy,SIT,1st Floor Engineer Building,05/16/2018,08/11/2018,09:00,08/11/2018,17:00
1104,Sandy,SIT,Front of SIT,05/17/2018,08/12/2018,09:00,08/12/2018,17:00
1106,Tony,Engineering,Front of SIT,05/18/2018,08/13/2018,09:00,08/13/2018,17:00
1106,Tony,Engineering,Science Field,05/19/2018,08/14/2018,09:00,08/14/2018,17:00
1107,Sack,Science,1st Floor Engineer Building,05/20/2018,08/15/2018,09:00,08/15/2018,17:00
1109,Lee,Architect,Front of SIT,05/21/2018,08/16/2018,09:00,08/16/2018,17:00
1117,Tom,SIT,FIBO Field,08/17/2018,08/17/2018,09:00,08/17/2018,17:00
1117,Tom,SIT,Front of SIT,08/18/2018,08/18/2018,09:00,08/18/2018,17:00
1119,Tooky,Science,Front of SIT,08/19/2018,08/19/2018,09:00,08/19/2018,17:00
1120,Elsa,Liberal Art,FIBO Field,08/20/2018,08/20/2018,09:00,08/20/2018,17:00
1121,Anna,Architect,FIBO Field,08/21/2018,08/21/2018,10:00,08/21/2018,16:30
1121,Anna,Architect,FIBO Field,08/22/2018,08/22/2018,09:00,08/22/2018,17:00
1126,Jack,Liberal Art,FIBO Field,08/23/2018,08/23/2018,09:00,08/23/2018,17:00
1127,Jim,Architect,Front of SIT,08/24/2018,08/24/2018,09:00,08/24/2018,17:00
1129,Sandy,SIT,Science Field,08/25/2018,08/25/2018,09:00,08/25/2018,17:00
1132,Sack,Liberal Art,1st Floor Engineer Building,08/26/2018,08/26/2018,09:00,08/26/2018,17:00
1132,Sack,Liberal Art,Science Field,08/27/2018,08/27/2018,09:00,08/27/2018,17:00
1133,Yoi,Architect,1st Floor Engineer Building,08/28/2018,08/28/2018,09:00,08/28/2018,17:00
1133,Yoi,Architect,Front of SIT,08/29/2018,08/29/2018,09:00,08/29/2018,17:00
1133,Yoi,Architect,Front of SIT,08/30/2018,08/30/2018,09:00,08/30/2018,17:00
1133,Yoi,Architect,Front of SIT,08/31/2018,08/31/2018,09:00,08/31/2018,17:00
1134,Lee,SIT,Front of SIT,09/01/2018,09/01/2018,09:00,09/01/2018,17:00
1135,Wang,SIT,Science Field,09/02/2018,09/02/2018,09:00,09/02/2018,17:00
1135,Wang,SIT,Science Field,05/01/2018,09/03/2018,09:00,09/03/2018,17:00
1135,Wang,SIT,FIBO Field,05/02/2018,09/04/2018,09:00,09/04/2018,17:00
1135,Wang,SIT,Science Field,05/03/2018,09/05/2018,09:00,09/05/2018,17:00
1137,Elisa,Science,Front of SIT,05/04/2018,09/06/2018,09:00,09/06/2018,17:00
1138,Sonny,Liberal Art,FIBO Field,05/05/2018,09/07/2018,09:00,09/07/2018,17:00
1138,Sonny,Liberal Art,1st Floor Engineer Building,05/06/2018,09/08/2018,09:00,09/08/2018,17:00
1139,Simba,Architect,FIBO Field,05/07/2018,09/09/2018,09:00,09/09/2018,17:00
1139,Simba,Architect,Science Field,05/08/2018,09/10/2018,09:00,09/10/2018,17:00
1139,Simba,Architect,Science Field,05/09/2018,09/11/2018,09:00,09/11/2018,17:00
1141,Jonathan,SIT,FIBO Field,05/10/2018,09/12/2018,09:00,09/12/2018,17:00
1142,Tom,Engineering,Science Field,05/11/2018,09/13/2018,09:00,09/13/2018,17:00
1142,Tom,Engineering,Science Field,05/12/2018,09/14/2018,09:00,09/14/2018,17:00
1144,Tooky,Liberal Art,Science Field,05/13/2018,09/15/2018,09:00,09/15/2018,17:00
1146,Anna,SIT,Science Field,05/14/2018,09/16/2018,09:00,09/16/2018,17:00
1146,Anna,SIT,Science Field,05/15/2018,09/17/2018,09:00,09/17/2018,17:00
1146,Anna,SIT,Science Field,05/16/2018,09/18/2018,09:00,09/18/2018,17:00
1147,Atonio,SIT,1st Floor Engineer Building,05/17/2018,09/19/2018,09:00,09/19/2018,17:00
1148,Antonio,Engineering,Science Field,05/18/2018,09/20/2018,09:00,09/20/2018,17:00
1149,Simpson,Science,Front of SIT,05/19/2018,09/21/2018,09:00,09/21/2018,17:00
1149,Simpson,Science,Science Field,05/20/2018,09/22/2018,09:00,09/22/2018,17:00
1150,John,Liberal Art,Science Field,05/21/2018,09/23/2018,09:00,09/23/2018,17:00
1150,John,Liberal Art,FIBO Field,09/24/2018,09/24/2018,09:00,09/24/2018,17:00
1150,John,Liberal Art,1st Floor Engineer Building,09/25/2018,09/25/2018,09:00,09/25/2018,17:00
1150,John,Liberal Art,FIBO Field,09/26/2018,09/26/2018,09:00,09/26/2018,17:00
1150,John,Liberal Art,1st Floor Engineer Building,09/27/2018,09/27/2018,09:00,09/27/2018,17:00
1150,John,Liberal Art,Science Field,09/28/2018,09/28/2018,09:00,09/28/2018,17:00
1150,John,Liberal Art,1st Floor Engineer Building,09/29/2018,09/29/2018,09:00,09/29/2018,17:00
1151,Jack,Architect,Science Field,05/01/2018,09/30/2018,09:00,09/30/2018,17:00
1151,Jack,Architect,Front of SIT,05/02/2018,10/01/2018,09:00,10/01/2018,17:00
1152,Jim,SIT,Front of SIT,05/03/2018,10/02/2018,09:00,10/02/2018,17:00
1153,Ann,SIT,1st Floor Engineer Building,05/04/2018,10/03/2018,09:00,10/03/2018,17:00
1154,Sandy,Engineering,1st Floor Engineer Building,05/05/2018,10/04/2018,09:00,10/04/2018,17:00
1154,Sandy,Engineering,1st Floor Engineer Building,05/06/2018,10/05/2018,09:00,10/05/2018,17:00
1157,Sack,Architect,FIBO Field,05/07/2018,10/06/2018,09:00,10/06/2018,17:00
1157,Sack,Architect,Science Field,05/08/2018,10/07/2018,09:00,10/07/2018,17:00
1158,Yoi,SIT,FIBO Field,05/09/2018,10/08/2018,09:00,10/08/2018,17:00
1159,Lee,SIT,FIBO Field,05/10/2018,10/09/2018,09:00,10/09/2018,17:00
1161,Chao,Science,Front of SIT,05/11/2018,10/10/2018,09:00,10/10/2018,17:00
1162,Elisa,Liberal Art,Front of SIT,05/12/2018,10/11/2018,09:00,10/11/2018,17:00
1164,Simba,SIT,Science Field,05/13/2018,10/12/2018,09:00,10/12/2018,17:00
1165,jackson,SIT,1st Floor Engineer Building,05/14/2018,10/13/2018,09:00,10/13/2018,17:00
1165,jackson,SIT,1st Floor Engineer Building,05/15/2018,10/14/2018,09:00,10/14/2018,17:00
1167,Tom,Science,1st Floor Engineer Building,05/16/2018,10/15/2018,09:00,10/15/2018,17:00
1168,Nick,Liberal Art,Front of SIT,05/17/2018,10/16/2018,09:00,10/16/2018,17:00
1168,Nick,Liberal Art,Science Field,05/18/2018,10/17/2018,09:00,10/17/2018,17:00
1168,Nick,Liberal Art,Science Field,05/19/2018,10/18/2018,09:00,10/18/2018,17:00
1169,Tooky,Architect,1st Floor Engineer Building,05/20/2018,10/19/2018,09:00,10/19/2018,17:00
1172,Atonio,Engineering,1st Floor Engineer Building,05/21/2018,10/20/2018,09:00,10/20/2018,17:00
1173,Antonio,Science,1st Floor Engineer Building,10/21/2018,10/21/2018,09:00,10/21/2018,17:00
1173,Antonio,Science,Science Field,10/22/2018,10/22/2018,09:00,10/22/2018,17:00
1174,Simpson,Liberal Art,Science Field,10/23/2018,10/23/2018,09:00,10/23/2018,17:00
1174,Simpson,Liberal Art,FIBO Field,10/24/2018,10/24/2018,09:00,10/24/2018,17:00
1174,Simpson,Liberal Art,Science Field,10/25/2018,10/25/2018,09:00,10/25/2018,17:00
1176,Jack,SIT,Front of SIT,05/01/2018,10/26/2018,09:00,10/26/2018,17:00
1176,Jack,SIT,FIBO Field,05/02/2018,10/27/2018,09:00,10/27/2018,17:00
1179,Sandy,Science,Science Field,05/03/2018,10/28/2018,09:00,10/28/2018,17:00
1181,Tony,Architect,Front of SIT,05/04/2018,10/29/2018,09:00,10/29/2018,17:00
1183,Yoi,SIT,1st Floor Engineer Building,05/05/2018,10/30/2018,09:00,10/30/2018,17:00
1184,Lee,Engineering,Front of SIT,05/06/2018,10/31/2018,09:00,10/31/2018,17:00
1186,Chao,Liberal Art,Front of SIT,05/07/2018,11/01/2018,09:00,11/01/2018,17:00
1187,Elisa,Architect,Science Field,05/08/2018,11/02/2018,09:00,11/02/2018,17:00
1188,Sonny,SIT,FIBO Field,05/09/2018,11/03/2018,09:00,11/03/2018,17:00
1188,Sonny,SIT,Front of SIT,05/10/2018,11/04/2018,09:00,11/04/2018,17:00
1188,Sonny,SIT,1st Floor Engineer Building,05/11/2018,11/05/2018,09:00,11/05/2018,17:00
1189,Simba,SIT,Front of SIT,05/12/2018,11/06/2018,09:00,11/06/2018,17:00
1189,Simba,SIT,Science Field,05/13/2018,11/07/2018,09:00,11/07/2018,17:00
1189,Simba,SIT,FIBO Field,05/14/2018,11/08/2018,09:00,11/08/2018,17:00
1190,jackson,Engineering,Front of SIT,05/15/2018,11/09/2018,09:00,11/09/2018,17:00
1190,jackson,Engineering,Science Field,05/16/2018,11/10/2018,09:00,11/10/2018,17:00
1191,Jonathan,Science,FIBO Field,05/17/2018,11/11/2018,09:00,11/11/2018,17:00
1193,Nick,Architect,FIBO Field,05/18/2018,11/12/2018,09:00,11/12/2018,17:00
1194,Tooky,SIT,FIBO Field,05/19/2018,11/13/2018,09:00,11/13/2018,17:00
1195,Elsa,SIT,FIBO Field,05/20/2018,11/14/2018,09:00,11/14/2018,17:00
1196,Anna,Engineering,1st Floor Engineer Building,05/21/2018,11/15/2018,09:00,11/15/2018,17:00
1196,Anna,Engineering,1st Floor Engineer Building,11/16/2018,11/16/2018,09:00,11/16/2018,17:00
1197,Atonio,Science,Front of SIT,11/17/2018,11/17/2018,09:00,11/17/2018,17:00
1197,Atonio,Science,FIBO Field,11/18/2018,11/18/2018,09:00,11/18/2018,17:00
1198,Antonio,Liberal Art,1st Floor Engineer Building,11/19/2018,11/19/2018,09:00,11/19/2018,17:00
1198,Antonio,Liberal Art,Front of SIT,05/01/2018,11/20/2018,09:00,11/20/2018,17:00
1198,Antonio,Liberal Art,1st Floor Engineer Building,05/02/2018,11/21/2018,09:00,11/21/2018,17:00
1198,Antonio,Liberal Art,Front of SIT,05/03/2018,11/22/2018,09:00,11/22/2018,17:00
1199,Simpson,Architect,Science Field,05/04/2018,11/23/2018,10:00,11/23/2018,17:00
1200,John,SIT,Front of SIT,05/05/2018,11/24/2018,10:00,11/24/2018,17:00
1201,Jack,SIT,FIBO Field,05/06/2018,11/25/2018,10:00,11/25/2018,17:00
1205,Alex,Architect,Science Field,05/07/2018,11/26/2018,10:00,11/26/2018,17:00
1206,Tony,SIT,1st Floor Engineer Building,05/08/2018,11/27/2018,10:00,11/27/2018,17:00
1206,Tony,SIT,FIBO Field,05/09/2018,11/28/2018,10:00,11/28/2018,17:00
1206,Tony,SIT,Science Field,05/10/2018,11/29/2018,10:00,11/29/2018,17:00
1208,Yoi,Engineering,FIBO Field,05/11/2018,11/30/2018,10:00,11/30/2018,17:00
1208,Yoi,Engineering,1st Floor Engineer Building,05/12/2018,12/01/2018,10:00,12/01/2018,17:00
1209,Lee,Science,Front of SIT,05/13/2018,12/02/2018,10:00,12/02/2018,17:00
1210,Wang,Liberal Art,1st Floor Engineer Building,05/14/2018,12/03/2018,10:00,12/03/2018,17:00
1211,Chao,Architect,Science Field,05/15/2018,12/04/2018,10:00,12/04/2018,17:00
1212,Elisa,SIT,1st Floor Engineer Building,05/16/2018,12/05/2018,10:00,12/05/2018,17:00
1213,Sonny,SIT,1st Floor Engineer Building,05/17/2018,12/06/2018,10:00,12/06/2018,17:00
1218,Nick,SIT,Front of SIT,05/18/2018,12/07/2018,10:00,12/07/2018,17:00
1221,Anna,Science,1st Floor Engineer Building,05/19/2018,12/08/2018,10:00,12/08/2018,17:00
1223,Antonio,Architect,1st Floor Engineer Building,05/20/2018,12/09/2018,10:00,12/09/2018,17:00
1224,Simpson,SIT,Front of SIT,05/21/2018,12/10/2018,10:00,12/10/2018,17:00
1226,Jack,Engineering,Science Field,12/11/2018,12/11/2018,10:00,12/11/2018,17:00
1227,Jim,Science,Science Field,12/12/2018,12/12/2018,10:00,12/12/2018,17:00
1227,Jim,Science,1st Floor Engineer Building,05/01/2018,12/13/2018,09:00,12/13/2018,17:00
1228,Ann,Liberal Art,FIBO Field,05/02/2018,12/14/2018,09:00,12/14/2018,17:00
1228,Ann,Liberal Art,1st Floor Engineer Building,05/03/2018,12/15/2018,09:00,12/15/2018,17:00
1230,Alex,SIT,Science Field,05/04/2018,12/16/2018,09:00,12/16/2018,17:00
1230,Alex,SIT,1st Floor Engineer Building,05/05/2018,12/17/2018,09:00,12/17/2018,17:00
1231,Tony,SIT,FIBO Field,05/06/2018,12/18/2018,09:00,12/18/2018,17:00
1231,Tony,SIT,Front of SIT,05/07/2018,12/19/2018,09:00,12/19/2018,17:00
1232,Sack,Engineering,Front of SIT,05/08/2018,12/20/2018,09:00,12/20/2018,17:00
1233,Yoi,Science,1st Floor Engineer Building,05/09/2018,12/21/2018,09:00,12/21/2018,17:00
1234,Lee,Liberal Art,Front of SIT,05/10/2018,12/22/2018,09:00,12/22/2018,17:00
1234,Lee,Liberal Art,1st Floor Engineer Building,05/11/2018,12/23/2018,09:00,12/23/2018,17:00
1235,Wang,Architect,Science Field,05/12/2018,12/24/2018,09:00,12/24/2018,17:00
1236,Chao,SIT,Front of SIT,05/13/2018,12/25/2018,09:00,12/25/2018,17:00
1237,Elisa,SIT,1st Floor Engineer Building,05/14/2018,12/26/2018,09:00,12/26/2018,17:00
1238,Sonny,Engineering,1st Floor Engineer Building,05/15/2018,12/27/2018,09:00,12/27/2018,17:00
1238,Sonny,Engineering,Science Field,05/16/2018,12/28/2018,09:00,12/28/2018,17:00
1241,Jonathan,Architect,Front of SIT,05/17/2018,12/29/2018,09:00,12/29/2018,17:00
1242,Tom,SIT,Front of SIT,05/18/2018,12/30/2018,09:00,12/30/2018,17:00
1243,Nick,SIT,Science Field,05/19/2018,12/31/2018,09:00,12/31/2018,17:00
1244,Tooky,Engineering,Front of SIT,05/20/2018,01/01/2019,09:00,01/01/2019,17:00
1244,Tooky,Engineering,FIBO Field,05/21/2018,01/02/2019,09:00,01/02/2019,17:00
1248,Antonio,SIT,FIBO Field,01/03/2019,01/03/2019,09:00,01/03/2019,17:00
1250,John,Engineering,Science Field,01/04/2019,01/04/2019,09:00,01/04/2019,17:00
1251,Jack,Science,1st Floor Engineer Building,01/05/2019,01/05/2019,09:00,01/05/2019,17:00
1251,Jack,Science,FIBO Field,01/06/2019,01/06/2019,09:00,01/06/2019,17:00
1252,Jim,Liberal Art,1st Floor Engineer Building,01/07/2019,01/07/2019,09:00,01/07/2019,17:00
1253,Ann,Architect,1st Floor Engineer Building,01/08/2019,01/08/2019,09:00,01/08/2019,17:00
1253,Ann,Architect,1st Floor Engineer Building,01/09/2019,01/09/2019,09:00,01/09/2019,17:00
1253,Ann,Architect,1st Floor Engineer Building,01/10/2019,01/10/2019,09:00,01/10/2019,17:00
1253,Ann,Architect,Front of SIT,01/11/2019,01/11/2019,09:00,01/11/2019,17:00
1258,Yoi,Liberal Art,FIBO Field,01/12/2019,01/12/2019,09:00,01/12/2019,17:00
1260,Wang,SIT,Science Field,01/13/2019,01/13/2019,09:00,01/13/2019,17:00
1263,Sonny,Science,Science Field,01/14/2019,01/14/2019,09:00,01/14/2019,17:00
1263,Sonny,Science,Front of SIT,01/15/2019,01/15/2019,09:00,01/15/2019,17:00
1265,jackson,Architect,FIBO Field,01/16/2019,01/16/2019,09:00,01/16/2019,17:00
1265,jackson,Architect,Front of SIT,01/17/2019,01/17/2019,09:00,01/17/2019,17:00
1267,Tom,SIT,FIBO Field,01/18/2019,01/18/2019,09:00,01/18/2019,17:00
1269,Tooky,Science,Science Field,01/19/2019,01/19/2019,09:00,01/19/2019,17:00
1270,Elsa,Liberal Art,Science Field,01/20/2019,01/20/2019,09:00,01/20/2019,17:00
1270,Elsa,Liberal Art,Front of SIT,01/21/2019,01/21/2019,09:00,01/21/2019,17:00
1270,Elsa,Liberal Art,1st Floor Engineer Building,01/22/2019,01/22/2019,09:00,01/22/2019,17:00
1271,Anna,Architect,1st Floor Engineer Building,01/23/2019,01/23/2019,09:00,01/23/2019,17:00
1271,Anna,Architect,1st Floor Engineer Building,01/24/2019,01/24/2019,09:00,01/24/2019,17:00
1272,Atonio,SIT,1st Floor Engineer Building,01/25/2019,01/25/2019,09:00,01/25/2019,17:00
1273,Antonio,SIT,Science Field,01/26/2019,01/26/2019,09:00,01/26/2019,17:00
1274,Simpson,Engineering,Science Field,01/27/2019,01/27/2019,09:00,01/27/2019,17:00
1275,John,Science,Science Field,01/28/2019,01/28/2019,09:00,01/28/2019,17:00
1276,Jack,Liberal Art,FIBO Field,01/29/2019,01/29/2019,09:00,01/29/2019,17:00
1278,Ann,SIT,FIBO Field,01/30/2019,01/30/2019,09:00,01/30/2019,17:00
1280,Alex,Engineering,1st Floor Engineer Building,01/31/2019,01/31/2019,09:00,01/31/2019,17:00
1280,Alex,Engineering,1st Floor Engineer Building,02/01/2019,02/01/2019,09:00,02/01/2019,17:00
1281,Tony,Science,Science Field,02/02/2019,02/02/2019,09:00,02/02/2019,17:00
1281,Tony,Science,Front of SIT,02/03/2019,02/03/2019,09:00,02/03/2019,17:00
1281,Tony,Science,Front of SIT,02/04/2019,02/04/2019,09:00,02/04/2019,17:00
1282,Sack,Liberal Art,Science Field,02/05/2019,02/05/2019,09:00,02/05/2019,17:00
1283,Yoi,Architect,Front of SIT,02/06/2019,02/06/2019,09:00,02/06/2019,17:00
1283,Yoi,Architect,FIBO Field,02/07/2019,02/07/2019,09:00,02/07/2019,17:00
1284,Lee,SIT,Front of SIT,02/08/2019,02/08/2019,09:00,02/08/2019,17:00
1284,Lee,SIT,1st Floor Engineer Building,02/09/2019,02/09/2019,09:00,02/09/2019,17:00
1285,Wang,SIT,1st Floor Engineer Building,02/10/2019,02/10/2019,09:00,02/10/2019,17:00
1286,Chao,Engineering,FIBO Field,02/11/2019,02/11/2019,09:00,02/11/2019,17:00
1288,Sonny,Liberal Art,Science Field,02/12/2019,02/12/2019,09:00,02/12/2019,17:00
1288,Sonny,Liberal Art,Science Field,02/13/2019,02/13/2019,09:00,02/13/2019,17:00
1288,Sonny,Liberal Art,Science Field,02/14/2019,02/14/2019,09:00,02/14/2019,17:00
1288,Sonny,Liberal Art,Science Field,02/15/2019,02/15/2019,09:00,02/15/2019,17:00
1289,Simba,Architect,Science Field,02/16/2019,02/16/2019,09:00,02/16/2019,17:00
1291,Jonathan,SIT,1st Floor Engineer Building,02/17/2019,02/17/2019,09:00,02/17/2019,17:00
1291,Jonathan,SIT,1st Floor Engineer Building,02/18/2019,02/18/2019,09:00,02/18/2019,17:00
1292,Tom,Engineering,Science Field,02/19/2019,02/19/2019,09:00,02/19/2019,17:00
1292,Tom,Engineering,Science Field,02/20/2019,02/20/2019,09:00,02/20/2019,17:00
1293,Nick,Science,Science Field,02/21/2019,02/21/2019,09:00,02/21/2019,17:00
1294,Tooky,Liberal Art,Front of SIT,02/22/2019,02/22/2019,09:00,02/22/2019,17:00
1295,Elsa,Architect,1st Floor Engineer Building,02/23/2019,02/23/2019,09:00,02/23/2019,17:00
1296,Anna,SIT,FIBO Field,02/24/2019,02/24/2019,09:00,02/24/2019,17:00
1296,Anna,SIT,FIBO Field,02/25/2019,02/25/2019,09:00,02/25/2019,17:00
1296,Anna,SIT,Science Field,02/26/2019,02/26/2019,09:00,02/26/2019,17:00
1297,Atonio,SIT,1st Floor Engineer Building,02/27/2019,02/27/2019,09:00,02/27/2019,17:00
1297,Atonio,SIT,Science Field,02/28/2019,02/28/2019,09:00,02/28/2019,17:00
1299,Simpson,Science,FIBO Field,03/01/2019,03/01/2019,09:00,03/01/2019,17:00
1299,Simpson,Science,Science Field,03/02/2019,03/02/2019,09:00,03/02/2019,17:00
1299,Simpson,Science,Front of SIT,03/03/2019,03/03/2019,09:00,03/03/2019,17:00
1299,Simpson,Science,FIBO Field,03/04/2019,03/04/2019,09:00,03/04/2019,17:00
1301,Jack,Architect,FIBO Field,03/05/2019,03/05/2019,09:00,03/05/2019,17:00
1302,Jim,SIT,Front of SIT,03/06/2019,03/06/2019,09:00,03/06/2019,17:00
1303,Ann,SIT,1st Floor Engineer Building,03/07/2019,03/07/2019,09:00,03/07/2019,17:00
1306,Tony,Liberal Art,Science Field,03/08/2019,03/08/2019,09:00,03/08/2019,17:00
1308,Yoi,SIT,FIBO Field,03/09/2019,03/09/2019,09:00,03/09/2019,17:00
1309,Lee,SIT,Science Field,03/10/2019,03/10/2019,09:00,03/10/2019,17:00
1310,Wang,Engineering,1st Floor Engineer Building,03/11/2019,03/11/2019,09:00,03/11/2019,17:00
1311,Chao,Science,FIBO Field,03/12/2019,03/12/2019,09:00,03/12/2019,17:00
1311,Chao,Science,1st Floor Engineer Building,03/13/2019,03/13/2019,09:00,03/13/2019,17:00
1312,Elisa,Liberal Art,1st Floor Engineer Building,03/14/2019,03/14/2019,09:00,03/14/2019,17:00
1313,Sonny,Architect,1st Floor Engineer Building,03/15/2019,03/15/2019,09:00,03/15/2019,17:00
1313,Sonny,Architect,1st Floor Engineer Building,03/16/2019,03/16/2019,09:00,03/16/2019,17:00
1315,jackson,SIT,FIBO Field,03/17/2019,03/17/2019,09:00,03/17/2019,17:00
1315,jackson,SIT,FIBO Field,03/18/2019,03/18/2019,09:00,03/18/2019,17:00
1315,jackson,SIT,FIBO Field,03/19/2019,03/19/2019,09:00,03/19/2019,17:00
1315,jackson,SIT,Science Field,03/20/2019,03/20/2019,09:00,03/20/2019,17:00
1316,Jonathan,Engineering,Science Field,03/21/2019,03/21/2019,09:00,03/21/2019,17:00
1316,Jonathan,Engineering,1st Floor Engineer Building,03/22/2019,03/22/2019,09:00,03/22/2019,17:00
1316,Jonathan,Engineering,Front of SIT,03/23/2019,03/23/2019,09:00,03/23/2019,17:00
1317,Tom,Science,Science Field,03/24/2019,03/24/2019,09:00,03/24/2019,17:00
1317,Tom,Science,Science Field,03/25/2019,03/25/2019,09:00,03/25/2019,17:00
1317,Tom,Science,FIBO Field,03/26/2019,03/26/2019,09:00,03/26/2019,17:00
1318,Nick,Liberal Art,Science Field,03/27/2019,03/27/2019,09:00,03/27/2019,17:00
1319,Tooky,Architect,Science Field,03/28/2019,03/28/2019,09:00,03/28/2019,17:00
1320,Elsa,SIT,Science Field,03/29/2019,03/29/2019,09:00,03/29/2019,17:00
1323,Antonio,Science,Science Field,03/30/2019,03/30/2019,09:00,03/30/2019,17:00
1323,Antonio,Science,1st Floor Engineer Building,03/31/2019,03/31/2019,09:00,03/31/2019,17:00
1325,John,Architect,Science Field,04/01/2019,04/01/2019,09:00,04/01/2019,17:00
1327,Jim,SIT,Front of SIT,04/02/2019,04/02/2019,09:00,04/02/2019,17:00
1329,Sandy,Science,Science Field,04/03/2019,04/03/2019,09:00,04/03/2019,17:00
1330,Alex,Liberal Art,Front of SIT,04/04/2019,04/04/2019,09:00,04/04/2019,17:00
1330,Alex,Liberal Art,Front of SIT,04/05/2019,04/05/2019,09:00,04/05/2019,17:00
1331,Tony,Architect,Science Field,04/06/2019,04/06/2019,09:00,04/06/2019,17:00
1332,Sack,SIT,FIBO Field,04/07/2019,04/07/2019,09:00,04/07/2019,17:00
1332,Sack,SIT,1st Floor Engineer Building,04/08/2019,04/08/2019,09:00,04/08/2019,17:00
1333,Yoi,SIT,FIBO Field,04/09/2019,04/09/2019,09:00,04/09/2019,17:00
1334,Lee,Engineering,Science Field,04/10/2019,04/10/2019,09:00,04/10/2019,17:00
1334,Lee,Engineering,Science Field,04/11/2019,04/11/2019,09:00,04/11/2019,17:00
1335,Wang,Science,FIBO Field,04/12/2019,04/12/2019,09:00,04/12/2019,17:00
1335,Wang,Science,Front of SIT,04/13/2019,04/13/2019,09:00,04/13/2019,17:00
1336,Chao,Liberal Art,Front of SIT,04/14/2019,04/14/2019,09:00,04/14/2019,17:00
1337,Elisa,Architect,Front of SIT,04/15/2019,04/15/2019,09:00,04/15/2019,17:00
1343,Nick,Architect,FIBO Field,04/16/2019,04/16/2019,09:00,04/16/2019,17:00
1343,Nick,Architect,Science Field,04/17/2019,04/17/2019,09:00,04/17/2019,17:00
1347,Atonio,Science,Front of SIT,04/18/2019,04/18/2019,09:00,04/18/2019,17:00
1348,Antonio,Liberal Art,Science Field,04/19/2019,04/19/2019,09:00,04/19/2019,17:00
1349,Simpson,Architect,1st Floor Engineer Building,04/20/2019,04/20/2019,09:00,04/20/2019,17:00
1349,Simpson,Architect,Front of SIT,04/21/2019,04/21/2019,09:00,04/21/2019,17:00
1350,John,SIT,1st Floor Engineer Building,04/22/2019,04/22/2019,09:00,04/22/2019,17:00
1352,Jim,Engineering,1st Floor Engineer Building,04/23/2019,04/23/2019,09:00,04/23/2019,17:00
1355,Alex,Architect,Science Field,04/24/2019,04/24/2019,09:00,04/24/2019,17:00
1356,Tony,SIT,1st Floor Engineer Building,04/25/2019,04/25/2019,09:00,04/25/2019,17:00
1356,Tony,SIT,1st Floor Engineer Building,04/26/2019,04/26/2019,09:00,04/26/2019,17:00
1356,Tony,SIT,FIBO Field,04/27/2019,04/27/2019,09:00,04/27/2019,17:00
1357,Sack,SIT,FIBO Field,04/28/2019,04/28/2019,09:00,04/28/2019,17:00
1358,Yoi,Engineering,Science Field,04/29/2019,04/29/2019,09:00,04/29/2019,17:00
1361,Chao,Architect,1st Floor Engineer Building,04/30/2019,04/30/2019,09:00,04/30/2019,17:00
1361,Chao,Architect,Science Field,05/01/2019,05/01/2019,09:00,05/01/2019,17:00
1362,Elisa,SIT,FIBO Field,05/02/2019,05/02/2019,09:00,05/02/2019,17:00
1363,Sonny,SIT,Front of SIT,05/03/2019,05/03/2019,09:00,05/03/2019,17:00
1364,Simba,Engineering,FIBO Field,05/04/2019,05/04/2019,09:00,05/04/2019,17:00
1367,Tom,Architect,1st Floor Engineer Building,05/05/2019,05/05/2019,09:00,05/05/2019,17:00
1369,Tooky,SIT,Science Field,05/06/2019,05/06/2019,09:00,05/06/2019,17:00
1369,Tooky,SIT,Front of SIT,05/07/2019,05/07/2019,09:00,05/07/2019,17:00
1369,Tooky,SIT,Front of SIT,05/08/2019,05/08/2019,09:00,05/08/2019,17:00
1370,Elsa,Engineering,FIBO Field,05/09/2019,05/09/2019,09:00,05/09/2019,17:00
1370,Elsa,Engineering,1st Floor Engineer Building,05/10/2019,05/10/2019,09:00,05/10/2019,17:00
1370,Elsa,Engineering,FIBO Field,05/11/2019,05/11/2019,09:00,05/11/2019,17:00
1374,Simpson,SIT,1st Floor Engineer Building,05/12/2019,05/12/2019,09:00,05/12/2019,17:00
1375,John,SIT,Science Field,05/13/2019,05/13/2019,09:00,05/13/2019,17:00
1375,John,SIT,Front of SIT,05/14/2019,05/14/2019,09:00,05/14/2019,17:00
1376,Jack,Engineering,Front of SIT,05/15/2019,05/15/2019,09:00,05/15/2019,17:00
1376,Jack,Engineering,1st Floor Engineer Building,05/16/2019,05/16/2019,09:00,05/16/2019,17:00
1379,Sandy,Architect,FIBO Field,05/17/2019,05/17/2019,09:00,05/17/2019,17:00
1379,Sandy,Architect,Front of SIT,05/18/2019,05/18/2019,09:00,05/18/2019,17:00
1380,Alex,SIT,Front of SIT,05/19/2019,05/19/2019,09:00,05/19/2019,17:00
1382,Sack,Engineering,1st Floor Engineer Building,05/20/2019,05/20/2019,09:00,05/20/2019,17:00
1382,Sack,Engineering,Front of SIT,05/21/2019,05/21/2019,09:00,05/21/2019,16:00
1384,Lee,Liberal Art,FIBO Field,05/22/2019,05/22/2019,09:00,05/22/2019,16:00
1385,Wang,Architect,Science Field,05/23/2019,05/23/2019,09:00,05/23/2019,16:00
1386,Chao,SIT,1st Floor Engineer Building,05/24/2019,05/24/2019,09:00,05/24/2019,16:00
1386,Chao,SIT,Front of SIT,05/25/2019,05/25/2019,09:00,05/25/2019,16:00
1386,Chao,SIT,1st Floor Engineer Building,05/26/2019,05/26/2019,09:00,05/26/2019,16:00
1386,Chao,SIT,Front of SIT,05/27/2019,05/27/2019,09:00,05/27/2019,16:00
1387,Elisa,SIT,FIBO Field,05/28/2019,05/28/2019,09:00,05/28/2019,16:00
1387,Elisa,SIT,FIBO Field,05/29/2019,05/29/2019,09:00,05/29/2019,16:00
1389,Simba,Science,FIBO Field,05/30/2019,05/30/2019,09:00,05/30/2019,16:00
1390,jackson,Liberal Art,FIBO Field,05/31/2019,05/31/2019,09:00,05/31/2019,16:00
1391,Jonathan,Architect,1st Floor Engineer Building,05/01/2018,06/01/2019,09:00,06/01/2019,16:00
1392,Tom,SIT,Front of SIT,05/02/2018,06/02/2019,09:00,06/02/2019,16:00
1392,Tom,SIT,FIBO Field,05/03/2018,06/03/2019,09:00,06/03/2019,16:00
1392,Tom,SIT,FIBO Field,05/04/2018,06/04/2019,09:00,06/04/2019,16:00
1395,Elsa,Science,FIBO Field,05/05/2018,06/05/2019,09:00,06/05/2019,17:00
1397,Atonio,Architect,1st Floor Engineer Building,05/06/2018,06/06/2019,09:00,06/06/2019,17:00
1399,Simpson,SIT,Science Field,05/07/2018,06/07/2019,09:00,06/07/2019,17:00
1400,John,Engineering,Science Field,05/08/2018,06/08/2019,09:00,06/08/2019,17:00
1400,John,Engineering,FIBO Field,05/09/2018,06/09/2019,09:00,06/09/2019,17:00
1401,Jack,Science,FIBO Field,05/10/2018,06/10/2019,09:00,06/10/2019,17:00
1404,Sandy,SIT,Front of SIT,05/11/2018,06/11/2019,09:00,06/11/2019,17:00
1404,Sandy,SIT,1st Floor Engineer Building,05/12/2018,06/12/2019,09:00,06/12/2019,17:00
1405,Alex,SIT,FIBO Field,05/13/2018,06/13/2019,09:00,06/13/2019,17:00
1405,Alex,SIT,Science Field,05/14/2018,06/14/2019,09:00,06/14/2019,17:00
1407,Sack,Science,FIBO Field,05/15/2018,06/15/2019,09:00,06/15/2019,17:00
1408,Yoi,Liberal Art,Front of SIT,05/16/2018,06/16/2019,09:00,06/16/2019,17:00
1410,Wang,SIT,Front of SIT,05/17/2018,06/17/2019,09:00,06/17/2019,17:00
1411,Chao,SIT,FIBO Field,05/18/2018,06/18/2019,09:00,06/18/2019,17:00
1411,Chao,SIT,Front of SIT,05/19/2018,06/19/2019,09:00,06/19/2019,17:00
1412,Elisa,Engineering,1st Floor Engineer Building,05/20/2018,06/20/2019,09:00,06/20/2019,17:00
1413,Sonny,Science,FIBO Field,05/21/2018,06/21/2019,09:00,06/21/2019,17:00
1414,Simba,Liberal Art,1st Floor Engineer Building,06/22/2019,06/22/2019,09:00,06/22/2019,17:00
1418,Nick,Engineering,Science Field,06/23/2019,06/23/2019,09:00,06/23/2019,17:00
1420,Elsa,Liberal Art,1st Floor Engineer Building,06/24/2019,06/24/2019,09:00,06/24/2019,17:00
1420,Elsa,Liberal Art,Front of SIT,06/25/2019,06/25/2019,09:00,06/25/2019,17:00
1420,Elsa,Liberal Art,1st Floor Engineer Building,06/26/2019,06/26/2019,09:00,06/26/2019,17:00
1421,Anna,Architect,Science Field,06/27/2019,06/27/2019,09:00,06/27/2019,17:00
1421,Anna,Architect,FIBO Field,06/28/2019,06/28/2019,09:00,06/28/2019,17:00
1423,Antonio,SIT,1st Floor Engineer Building,06/29/2019,06/29/2019,09:00,06/29/2019,17:00
1429,Sandy,SIT,FIBO Field,06/30/2019,06/30/2019,09:00,06/30/2019,17:00
1429,Sandy,SIT,Science Field,07/01/2019,07/01/2019,09:00,07/01/2019,17:00
1429,Sandy,SIT,1st Floor Engineer Building,07/02/2019,07/02/2019,09:00,07/02/2019,17:00
1430,Alex,Engineering,FIBO Field,07/03/2019,07/03/2019,09:00,07/03/2019,17:00
1430,Alex,Engineering,Front of SIT,07/04/2019,07/04/2019,09:00,07/04/2019,17:00
1431,Tony,Science,1st Floor Engineer Building,07/05/2019,07/05/2019,09:00,07/05/2019,17:00
1431,Tony,Science,Science Field,07/06/2019,07/06/2019,09:00,07/06/2019,17:00
1433,Yoi,Architect,FIBO Field,07/07/2019,07/07/2019,09:00,07/07/2019,17:00
1434,Lee,SIT,Front of SIT,07/08/2019,07/08/2019,09:00,07/08/2019,17:00
1434,Lee,SIT,FIBO Field,07/09/2019,07/09/2019,09:00,07/09/2019,17:00
1434,Lee,SIT,FIBO Field,07/10/2019,07/10/2019,09:00,07/10/2019,17:00
1435,Wang,SIT,1st Floor Engineer Building,07/11/2019,07/11/2019,09:00,07/11/2019,17:00
1436,Chao,Engineering,1st Floor Engineer Building,07/12/2019,07/12/2019,09:00,07/12/2019,17:00
1438,Sonny,Liberal Art,Front of SIT,07/13/2019,07/13/2019,09:00,07/13/2019,17:00
1442,Tom,Engineering,FIBO Field,07/14/2019,07/14/2019,09:00,07/14/2019,17:00
1443,Nick,Science,FIBO Field,07/15/2019,07/15/2019,09:00,07/15/2019,17:00
1443,Nick,Science,FIBO Field,07/16/2019,07/16/2019,09:00,07/16/2019,17:00
1444,Tooky,Liberal Art,1st Floor Engineer Building,07/17/2019,07/17/2019,09:00,07/17/2019,17:00
1445,Elsa,Architect,Front of SIT,07/18/2019,07/18/2019,09:00,07/18/2019,17:00
1446,Anna,SIT,1st Floor Engineer Building,07/19/2019,07/19/2019,09:00,07/19/2019,17:00
1447,Atonio,SIT,Science Field,07/20/2019,07/20/2019,09:00,07/20/2019,17:00
1447,Atonio,SIT,FIBO Field,07/21/2019,07/21/2019,09:00,07/21/2019,17:00
1449,Simpson,Science,1st Floor Engineer Building,07/22/2019,07/22/2019,09:00,07/22/2019,17:00
1450,John,Liberal Art,FIBO Field,07/23/2019,07/23/2019,09:00,07/23/2019,17:00
1453,Ann,SIT,Front of SIT,07/24/2019,07/24/2019,09:00,07/24/2019,17:00
1453,Ann,SIT,1st Floor Engineer Building,07/25/2019,07/25/2019,09:00,07/25/2019,17:00
1453,Ann,SIT,Science Field,07/26/2019,07/26/2019,09:00,07/26/2019,17:00
1456,Tony,Liberal Art,Front of SIT,07/27/2019,07/27/2019,09:00,07/27/2019,17:00
1456,Tony,Liberal Art,Science Field,07/28/2019,07/28/2019,09:00,07/28/2019,17:00
1456,Tony,Liberal Art,Science Field,07/29/2019,07/29/2019,09:00,07/29/2019,17:00
1457,Sack,Architect,Science Field,07/30/2019,07/30/2019,09:00,07/30/2019,17:00
1457,Sack,Architect,Front of SIT,07/31/2019,07/31/2019,09:00,07/31/2019,17:00
1457,Sack,Architect,Front of SIT,08/01/2019,08/01/2019,09:00,08/01/2019,17:00
1459,Lee,SIT,Science Field,08/02/2019,08/02/2019,09:00,08/02/2019,17:00
1460,Wang,Engineering,Front of SIT,08/03/2019,08/03/2019,09:00,08/03/2019,17:00
1464,Simba,SIT,FIBO Field,08/04/2019,08/04/2019,09:00,08/04/2019,17:00
1465,jackson,SIT,FIBO Field,08/05/2019,08/05/2019,09:00,08/05/2019,17:00
1466,Jonathan,Engineering,1st Floor Engineer Building,08/06/2019,08/06/2019,09:00,08/06/2019,17:00
1469,Tooky,Architect,1st Floor Engineer Building,08/07/2019,08/07/2019,09:00,08/07/2019,17:00
1470,Elsa,SIT,1st Floor Engineer Building,08/08/2019,08/08/2019,09:00,08/08/2019,17:00
1470,Elsa,SIT,FIBO Field,08/09/2019,08/09/2019,09:00,08/09/2019,17:00
1471,Anna,SIT,1st Floor Engineer Building,08/10/2019,08/10/2019,09:00,08/10/2019,17:00
1472,Atonio,Engineering,FIBO Field,08/11/2019,08/11/2019,09:00,08/11/2019,17:00
1472,Atonio,Engineering,FIBO Field,08/12/2019,08/12/2019,09:00,08/12/2019,17:00
1474,Simpson,Liberal Art,Front of SIT,08/13/2019,08/13/2019,09:00,08/13/2019,17:00
1475,John,Architect,Science Field,08/14/2019,08/14/2019,09:00,08/14/2019,17:00
1475,John,Architect,1st Floor Engineer Building,08/15/2019,08/15/2019,09:00,08/15/2019,17:00
1477,Jim,SIT,Front of SIT,08/16/2019,08/16/2019,09:00,08/16/2019,17:00
1478,Ann,Engineering,FIBO Field,08/17/2019,08/17/2019,09:00,08/17/2019,17:00
1478,Ann,Engineering,1st Floor Engineer Building,08/18/2019,08/18/2019,09:00,08/18/2019,17:00
1481,Tony,Architect,Front of SIT,08/19/2019,08/19/2019,09:00,08/19/2019,17:00
1481,Tony,Architect,1st Floor Engineer Building,08/20/2019,08/20/2019,09:00,08/20/2019,17:00
1482,Sack,SIT,Science Field,08/21/2019,08/21/2019,09:00,08/21/2019,17:00
1482,Sack,SIT,Front of SIT,08/22/2019,08/22/2019,09:00,08/22/2019,17:00
1483,Yoi,SIT,Front of SIT,08/23/2019,08/23/2019,09:00,08/23/2019,17:00
1484,Lee,Engineering,FIBO Field,08/24/2019,08/24/2019,09:00,08/24/2019,17:00
1485,Wang,Science,Science Field,08/25/2019,08/25/2019,09:00,08/25/2019,17:00
1485,Wang,Science,Science Field,08/26/2019,08/26/2019,09:00,08/26/2019,17:00
1486,Chao,Liberal Art,1st Floor Engineer Building,08/27/2019,08/27/2019,09:00,08/27/2019,17:00
1486,Chao,Liberal Art,Science Field,08/28/2019,08/28/2019,09:00,08/28/2019,17:00
1486,Chao,Liberal Art,FIBO Field,08/29/2019,08/29/2019,09:00,08/29/2019,17:00
1486,Chao,Liberal Art,1st Floor Engineer Building,08/30/2019,08/30/2019,09:00,08/30/2019,17:00
1487,Elisa,Architect,Science Field,08/31/2019,08/31/2019,09:00,08/31/2019,17:00
1487,Elisa,Architect,FIBO Field,09/01/2019,09/01/2019,09:00,09/01/2019,17:00
1493,Nick,Architect,Front of SIT,09/02/2019,09/02/2019,09:00,09/02/2019,17:00
1493,Nick,Architect,Science Field,09/03/2019,09/03/2019,09:00,09/03/2019,17:00
1494,Tooky,SIT,Front of SIT,09/04/2019,09/04/2019,09:00,09/04/2019,17:00
1495,Elsa,SIT,Front of SIT,09/05/2019,09/05/2019,09:00,09/05/2019,17:00
1495,Elsa,SIT,1st Floor Engineer Building,09/06/2019,09/06/2019,09:00,09/06/2019,17:00
1497,Atonio,Science,Science Field,09/07/2019,09/07/2019,09:00,09/07/2019,17:00
1497,Atonio,Science,FIBO Field,09/08/2019,09/08/2019,09:00,09/08/2019,17:00
1500,John,SIT,FIBO Field,09/09/2019,09/09/2019,09:00,09/09/2019,17:00
1500,John,SIT,Front of SIT,09/10/2019,09/10/2019,09:00,09/10/2019,17:00
1500,John,SIT,Science Field,09/11/2019,09/11/2019,09:00,09/11/2019,17:00
1500,John,SIT,1st Floor Engineer Building,09/12/2019,09/12/2019,09:00,09/12/2019,17:00
1501,Jack,SIT,Science Field,09/13/2019,09/13/2019,09:00,09/13/2019,17:00
1502,Jim,Engineering,Front of SIT,09/14/2019,09/14/2019,09:00,09/14/2019,17:00
1503,Ann,Science,Front of SIT,09/15/2019,09/15/2019,09:00,09/15/2019,17:00
1504,Sandy,Liberal Art,Science Field,09/16/2019,09/16/2019,09:00,09/16/2019,17:00
1505,Alex,Architect,1st Floor Engineer Building,09/17/2019,09/17/2019,09:00,09/17/2019,17:00
1506,Tony,SIT,Science Field,09/18/2019,09/18/2019,09:00,09/18/2019,17:00
1508,Yoi,Engineering,FIBO Field,09/19/2019,09/19/2019,09:00,09/19/2019,17:00
1509,Lee,Science,Front of SIT,09/20/2019,09/20/2019,09:00,09/20/2019,17:00
1510,Wang,Liberal Art,Front of SIT,09/21/2019,09/21/2019,09:00,09/21/2019,17:00
1510,Wang,Liberal Art,Front of SIT,09/22/2019,09/22/2019,09:00,09/22/2019,17:00
1511,Chao,Architect,Front of SIT,09/23/2019,09/23/2019,09:00,09/23/2019,17:00
1511,Chao,Architect,1st Floor Engineer Building,09/24/2019,09/24/2019,09:00,09/24/2019,17:00
1513,Sonny,SIT,Front of SIT,09/25/2019,09/25/2019,09:00,09/25/2019,17:00
1515,jackson,Science,Science Field,09/26/2019,09/26/2019,09:00,09/26/2019,17:00
1516,Jonathan,Liberal Art,Science Field,09/27/2019,09/27/2019,09:00,09/27/2019,17:00
1516,Jonathan,Liberal Art,1st Floor Engineer Building,09/28/2019,09/28/2019,09:00,09/28/2019,17:00
1517,Tom,Architect,Front of SIT,09/29/2019,09/29/2019,09:00,09/29/2019,17:00
1521,Anna,Science,Front of SIT,09/30/2019,09/30/2019,09:00,09/30/2019,17:00
1523,Antonio,Architect,Front of SIT,10/01/2019,10/01/2019,09:00,10/01/2019,17:00
1524,Simpson,SIT,Science Field,10/02/2019,10/02/2019,09:00,10/02/2019,17:00
1524,Simpson,SIT,FIBO Field,10/03/2019,10/03/2019,09:00,10/03/2019,17:00
1527,Jim,Science,Science Field,10/04/2019,10/04/2019,09:00,10/04/2019,17:00
1527,Jim,Science,Front of SIT,10/05/2019,10/05/2019,09:00,10/05/2019,17:00
1530,Alex,SIT,1st Floor Engineer Building,10/06/2019,10/06/2019,09:00,10/06/2019,17:00
1530,Alex,SIT,Science Field,10/07/2019,10/07/2019,09:00,10/07/2019,17:00
1532,Sack,Engineering,1st Floor Engineer Building,10/08/2019,10/08/2019,09:00,10/08/2019,17:00
1532,Sack,Engineering,Science Field,10/09/2019,10/09/2019,09:00,10/09/2019,17:00
1535,Wang,Architect,Science Field,10/10/2019,10/10/2019,09:00,10/10/2019,17:00
1536,Chao,SIT,1st Floor Engineer Building,10/11/2019,10/11/2019,09:00,10/11/2019,17:00
1537,Elisa,SIT,1st Floor Engineer Building,10/12/2019,10/12/2019,09:00,10/12/2019,17:00
1539,Simba,Science,Science Field,10/13/2019,10/13/2019,09:00,10/13/2019,17:00
1539,Simba,Science,Science Field,10/14/2019,10/14/2019,09:00,10/14/2019,17:00
1540,jackson,Liberal Art,FIBO Field,10/15/2019,10/15/2019,09:00,10/15/2019,17:00
1540,jackson,Liberal Art,Science Field,10/16/2019,10/16/2019,09:00,10/16/2019,17:00
1541,Jonathan,Architect,1st Floor Engineer Building,10/17/2019,10/17/2019,09:00,10/17/2019,17:00
1543,Nick,SIT,Front of SIT,10/18/2019,10/18/2019,09:00,10/18/2019,17:00
1543,Nick,SIT,FIBO Field,10/19/2019,10/19/2019,09:00,10/19/2019,17:00
1545,Elsa,Science,Science Field,10/20/2019,10/20/2019,09:00,10/20/2019,17:00
1551,Jack,Science,Front of SIT,10/21/2019,10/21/2019,09:00,10/21/2019,17:00
1552,Jim,Liberal Art,Front of SIT,10/22/2019,10/22/2019,09:00,10/22/2019,17:00
1554,Sandy,SIT,Science Field,10/23/2019,10/23/2019,09:00,10/23/2019,17:00
1557,Sack,Science,Front of SIT,10/24/2019,10/24/2019,09:00,10/24/2019,17:00
1559,Lee,Architect,FIBO Field,10/25/2019,10/25/2019,09:00,10/25/2019,17:00
1559,Lee,Architect,1st Floor Engineer Building,10/26/2019,10/26/2019,09:00,10/26/2019,17:00
1560,Wang,SIT,Science Field,10/27/2019,10/27/2019,09:00,10/27/2019,17:00
1560,Wang,SIT,FIBO Field,10/28/2019,10/28/2019,09:00,10/28/2019,17:00
1561,Chao,SIT,1st Floor Engineer Building,10/29/2019,10/29/2019,09:00,10/29/2019,17:00
1561,Chao,SIT,Science Field,10/30/2019,10/30/2019,09:00,10/30/2019,17:00
1562,Elisa,Engineering,FIBO Field,10/31/2019,10/31/2019,09:00,10/31/2019,17:00
1564,Simba,Liberal Art,Science Field,11/01/2019,11/01/2019,09:00,11/01/2019,17:00
1565,jackson,Architect,FIBO Field,11/02/2019,11/02/2019,09:00,11/02/2019,17:00
1565,jackson,Architect,Front of SIT,11/03/2019,11/03/2019,09:00,11/03/2019,17:00
1565,jackson,Architect,Front of SIT,11/04/2019,11/04/2019,09:00,11/04/2019,17:00
1566,Jonathan,SIT,Front of SIT,11/05/2019,11/05/2019,09:00,11/05/2019,17:00
1567,Tom,SIT,FIBO Field,11/06/2019,11/06/2019,09:00,11/06/2019,17:00
1569,Tooky,Science,FIBO Field,11/07/2019,11/07/2019,09:00,11/07/2019,17:00
1570,Elsa,Liberal Art,FIBO Field,11/08/2019,11/08/2019,09:00,11/08/2019,17:00
1570,Elsa,Liberal Art,FIBO Field,11/09/2019,11/09/2019,09:00,11/09/2019,17:00
1571,Anna,Architect,Science Field,11/10/2019,11/10/2019,09:00,11/10/2019,17:00
1572,Atonio,SIT,1st Floor Engineer Building,11/11/2019,11/11/2019,09:00,11/11/2019,17:00
1572,Atonio,SIT,1st Floor Engineer Building,11/12/2019,11/12/2019,09:00,11/12/2019,17:00
1572,Atonio,SIT,Front of SIT,11/13/2019,11/13/2019,09:00,11/13/2019,17:00
1573,Antonio,SIT,Front of SIT,11/14/2019,11/14/2019,09:00,11/14/2019,17:00
1573,Antonio,SIT,Front of SIT,11/15/2019,11/15/2019,09:00,11/15/2019,17:00
1575,John,Science,FIBO Field,11/16/2019,11/16/2019,09:00,11/16/2019,17:00
1575,John,Science,1st Floor Engineer Building,11/17/2019,11/17/2019,09:00,11/17/2019,17:00
1576,Jack,Liberal Art,FIBO Field,11/18/2019,11/18/2019,09:00,11/18/2019,17:00
1576,Jack,Liberal Art,Front of SIT,11/19/2019,11/19/2019,09:00,11/19/2019,17:00
1577,Jim,Architect,Front of SIT,11/20/2019,11/20/2019,09:00,11/20/2019,17:00
1578,Ann,SIT,FIBO Field,11/21/2019,11/21/2019,09:00,11/21/2019,17:00
1578,Ann,SIT,Front of SIT,11/22/2019,11/22/2019,09:00,11/22/2019,17:00
1579,Sandy,SIT,Front of SIT,11/23/2019,11/23/2019,09:00,11/23/2019,17:00
1579,Sandy,SIT,Science Field,11/24/2019,11/24/2019,09:00,11/24/2019,17:00
1580,Alex,Engineering,Front of SIT,11/25/2019,11/25/2019,09:00,11/25/2019,17:00
1581,Tony,Science,1st Floor Engineer Building,11/26/2019,11/26/2019,09:00,11/26/2019,17:00
1582,Sack,Liberal Art,Science Field,11/27/2019,11/27/2019,09:00,11/27/2019,17:00
1583,Yoi,Architect,1st Floor Engineer Building,11/28/2019,11/28/2019,09:00,11/28/2019,17:00
1583,Yoi,Architect,1st Floor Engineer Building,11/29/2019,11/29/2019,09:00,11/29/2019,17:00
1584,Lee,SIT,Science Field,11/30/2019,11/30/2019,09:00,11/30/2019,17:00
1585,Wang,SIT,1st Floor Engineer Building,12/01/2019,12/01/2019,09:00,12/01/2019,17:00
1586,Chao,Engineering,FIBO Field,12/02/2019,12/02/2019,09:00,12/02/2019,17:00
1586,Chao,Engineering,Science Field,12/03/2019,12/03/2019,09:00,12/03/2019,17:00
1588,Sonny,Liberal Art,Science Field,12/04/2019,12/04/2019,09:00,12/04/2019,17:00
1588,Sonny,Liberal Art,1st Floor Engineer Building,12/05/2019,12/05/2019,09:00,12/05/2019,17:00
1589,Simba,Architect,1st Floor Engineer Building,12/06/2019,12/06/2019,09:00,12/06/2019,17:00
1593,Nick,Science,Science Field,12/07/2019,12/07/2019,09:00,12/07/2019,17:00
1594,Tooky,Liberal Art,1st Floor Engineer Building,12/08/2019,12/08/2019,09:00,12/08/2019,17:00
1598,Antonio,Engineering,FIBO Field,12/09/2019,12/09/2019,09:00,12/09/2019,17:00
1599,Simpson,Science,Science Field,12/10/2019,12/10/2019,09:00,12/10/2019,17:00
1600,John,Liberal Art,Science Field,12/11/2019,12/11/2019,09:00,12/11/2019,17:00
1600,John,Liberal Art,FIBO Field,12/12/2019,12/12/2019,09:00,12/12/2019,17:00
1601,Jack,Architect,FIBO Field,12/13/2019,12/13/2019,09:00,12/13/2019,17:00
1602,Jim,SIT,Science Field,12/14/2019,12/14/2019,09:00,12/14/2019,17:00
1602,Jim,SIT,Science Field,12/15/2019,12/15/2019,09:00,12/15/2019,17:00
1602,Jim,SIT,1st Floor Engineer Building,12/16/2019,12/16/2019,09:00,12/16/2019,17:00
1606,Tony,Liberal Art,Front of SIT,12/17/2019,12/17/2019,09:00,12/17/2019,17:00
1607,Sack,Architect,1st Floor Engineer Building,12/18/2019,12/18/2019,09:00,12/18/2019,17:00
1609,Lee,SIT,Science Field,12/19/2019,12/19/2019,09:00,12/19/2019,17:00
1610,Wang,Engineering,Front of SIT,12/20/2019,12/20/2019,09:00,12/20/2019,17:00
1610,Wang,Engineering,Science Field,12/21/2019,12/21/2019,09:00,12/21/2019,17:00
1610,Wang,Engineering,1st Floor Engineer Building,12/22/2019,12/22/2019,09:00,12/22/2019,17:00
1611,Chao,Science,1st Floor Engineer Building,12/23/2019,12/23/2019,09:00,12/23/2019,17:00
1612,Elisa,Liberal Art,FIBO Field,12/24/2019,12/24/2019,09:00,12/24/2019,17:00
1613,Sonny,Architect,FIBO Field,12/25/2019,12/25/2019,09:00,12/25/2019,17:00
1614,Simba,SIT,Science Field,12/26/2019,12/26/2019,09:00,12/26/2019,17:00
1614,Simba,SIT,Front of SIT,12/27/2019,12/27/2019,09:00,12/27/2019,17:00
1616,Jonathan,Engineering,Front of SIT,12/28/2019,12/28/2019,09:00,12/28/2019,17:00
1616,Jonathan,Engineering,Front of SIT,12/29/2019,12/29/2019,09:00,12/29/2019,17:00
1616,Jonathan,Engineering,1st Floor Engineer Building,12/30/2019,12/30/2019,09:00,12/30/2019,17:00
1617,Tom,Science,1st Floor Engineer Building,12/31/2019,12/31/2019,09:00,12/31/2019,17:00
1618,Nick,Liberal Art,FIBO Field,01/01/2020,01/01/2020,09:00,01/01/2020,17:00
1618,Nick,Liberal Art,Front of SIT,01/02/2020,01/02/2020,09:00,01/02/2020,17:00
1619,Tooky,Architect,1st Floor Engineer Building,01/03/2020,01/03/2020,09:00,01/03/2020,17:00
1619,Tooky,Architect,Front of SIT,01/04/2020,01/04/2020,09:00,01/04/2020,17:00
1621,Anna,SIT,1st Floor Engineer Building,01/05/2020,01/05/2020,09:00,01/05/2020,17:00
1623,Antonio,Science,Front of SIT,01/06/2020,01/06/2020,09:00,01/06/2020,17:00
1625,John,Architect,Front of SIT,01/07/2020,01/07/2020,09:00,01/07/2020,17:00
1625,John,Architect,1st Floor Engineer Building,01/08/2020,01/08/2020,09:00,01/08/2020,17:00
1627,Jim,SIT,FIBO Field,01/09/2020,01/09/2020,09:00,01/09/2020,17:00
1627,Jim,SIT,1st Floor Engineer Building,01/10/2020,01/10/2020,09:00,01/10/2020,17:00
1627,Jim,SIT,Front of SIT,01/11/2020,01/11/2020,09:00,01/11/2020,17:00
1628,Ann,Engineering,FIBO Field,01/12/2020,01/12/2020,09:00,01/12/2020,17:00
1630,Alex,Liberal Art,Front of SIT,01/13/2020,01/13/2020,09:00,01/13/2020,17:00
1633,Yoi,SIT,FIBO Field,01/14/2020,01/14/2020,09:00,01/14/2020,17:00
1633,Yoi,SIT,1st Floor Engineer Building,01/15/2020,01/15/2020,09:00,01/15/2020,17:00
1634,Lee,Engineering,Front of SIT,01/16/2020,01/16/2020,09:00,01/16/2020,17:00
1634,Lee,Engineering,FIBO Field,01/17/2020,01/17/2020,09:00,01/17/2020,17:00
1634,Lee,Engineering,1st Floor Engineer Building,01/18/2020,01/18/2020,09:00,01/18/2020,17:00
1634,Lee,Engineering,FIBO Field,01/19/2020,01/19/2020,09:00,01/19/2020,17:00
1635,Wang,Science,Front of SIT,01/20/2020,01/20/2020,09:00,01/20/2020,17:00
1635,Wang,Science,Science Field,01/21/2020,01/21/2020,09:00,01/21/2020,17:00
1636,Chao,Liberal Art,1st Floor Engineer Building,01/22/2020,01/22/2020,09:00,01/22/2020,17:00
1636,Chao,Liberal Art,Science Field,01/23/2020,01/23/2020,09:00,01/23/2020,17:00
1637,Elisa,Architect,FIBO Field,01/24/2020,01/24/2020,09:00,01/24/2020,17:00
1638,Sonny,SIT,FIBO Field,01/25/2020,01/25/2020,09:00,01/25/2020,17:00
1639,Simba,SIT,FIBO Field,01/26/2020,01/26/2020,09:00,01/26/2020,17:00
1640,jackson,Engineering,1st Floor Engineer Building,01/27/2020,01/27/2020,09:00,01/27/2020,17:00
1640,jackson,Engineering,Front of SIT,01/28/2020,01/28/2020,09:00,01/28/2020,17:00
1642,Tom,Liberal Art,FIBO Field,01/29/2020,01/29/2020,09:00,01/29/2020,17:00
1646,Anna,Engineering,Front of SIT,01/30/2020,01/30/2020,09:00,01/30/2020,17:00
1648,Antonio,Liberal Art,Front of SIT,01/31/2020,01/31/2020,09:00,01/31/2020,17:00
1648,Antonio,Liberal Art,Science Field,02/01/2020,02/01/2020,09:00,02/01/2020,17:00
1648,Antonio,Liberal Art,FIBO Field,02/02/2020,02/02/2020,09:00,02/02/2020,17:00
1648,Antonio,Liberal Art,FIBO Field,02/03/2020,02/03/2020,09:00,02/03/2020,17:00
1649,Simpson,Architect,FIBO Field,02/04/2020,02/04/2020,09:00,02/04/2020,17:00
1649,Simpson,Architect,1st Floor Engineer Building,02/05/2020,02/05/2020,09:00,02/05/2020,17:00
1650,John,SIT,Front of SIT,02/06/2020,02/06/2020,09:00,02/06/2020,17:00
1650,John,SIT,1st Floor Engineer Building,02/07/2020,02/07/2020,09:00,02/07/2020,17:00
1650,John,SIT,Science Field,02/08/2020,02/08/2020,09:00,02/08/2020,17:00
1652,Jim,Engineering,FIBO Field,02/09/2020,02/09/2020,09:00,02/09/2020,17:00
1653,Ann,Science,Science Field,02/10/2020,02/10/2020,09:00,02/10/2020,17:00
1653,Ann,Science,FIBO Field,02/11/2020,02/11/2020,09:00,02/11/2020,17:00
1654,Sandy,Liberal Art,1st Floor Engineer Building,02/12/2020,02/12/2020,09:00,02/12/2020,17:00
1655,Alex,Architect,FIBO Field,02/13/2020,02/13/2020,09:00,02/13/2020,17:00
1656,Tony,SIT,FIBO Field,02/14/2020,02/14/2020,09:00,02/14/2020,17:00
1657,Sack,SIT,1st Floor Engineer Building,02/15/2020,02/15/2020,09:00,02/15/2020,17:00
1660,Wang,Liberal Art,Science Field,02/16/2020,02/16/2020,09:00,02/16/2020,17:00
1661,Chao,Architect,1st Floor Engineer Building,02/17/2020,02/17/2020,09:00,02/17/2020,17:00
1661,Chao,Architect,FIBO Field,02/18/2020,02/18/2020,09:00,02/18/2020,17:00
1662,Elisa,SIT,1st Floor Engineer Building,02/19/2020,02/19/2020,09:00,02/19/2020,17:00
1665,jackson,Science,FIBO Field,02/20/2020,02/20/2020,09:00,02/20/2020,17:00
1665,jackson,Science,1st Floor Engineer Building,02/21/2020,02/21/2020,09:00,02/21/2020,17:00
1666,Jonathan,Liberal Art,Science Field,02/22/2020,02/22/2020,09:00,02/22/2020,17:00
1666,Jonathan,Liberal Art,Science Field,02/23/2020,02/23/2020,09:00,02/23/2020,17:00
1667,Tom,Architect,Front of SIT,02/24/2020,02/24/2020,09:00,02/24/2020,17:00
1670,Elsa,Engineering,Front of SIT,02/25/2020,02/25/2020,09:00,02/25/2020,17:00
1672,Atonio,Liberal Art,FIBO Field,02/26/2020,02/26/2020,09:00,02/26/2020,17:00
1672,Atonio,Liberal Art,FIBO Field,02/27/2020,02/27/2020,09:00,02/27/2020,17:00
1673,Antonio,Architect,Front of SIT,02/28/2020,02/28/2020,09:00,02/28/2020,17:00
1674,Simpson,SIT,Front of SIT,02/29/2020,02/29/2020,09:00,02/29/2020,17:00
1675,John,SIT,1st Floor Engineer Building,03/01/2020,03/01/2020,09:00,03/01/2020,17:00
1675,John,SIT,Science Field,03/02/2020,03/02/2020,09:00,03/02/2020,17:00
1676,Jack,Engineering,Front of SIT,03/03/2020,03/03/2020,09:00,03/03/2020,17:00
1677,Jim,Science,FIBO Field,03/04/2020,03/04/2020,09:00,03/04/2020,17:00
1677,Jim,Science,1st Floor Engineer Building,03/05/2020,03/05/2020,09:00,03/05/2020,17:00
1682,Sack,Engineering,1st Floor Engineer Building,03/06/2020,03/06/2020,09:00,03/06/2020,17:00
1685,Wang,Architect,Science Field,03/07/2020,03/07/2020,09:00,03/07/2020,17:00
1686,Chao,SIT,Science Field,03/08/2020,03/08/2020,09:00,03/08/2020,17:00
1686,Chao,SIT,Front of SIT,03/09/2020,03/09/2020,09:00,03/09/2020,17:00
1688,Sonny,Engineering,Front of SIT,03/10/2020,03/10/2020,09:00,03/10/2020,17:00
1688,Sonny,Engineering,FIBO Field,03/11/2020,03/11/2020,09:00,03/11/2020,17:00
1688,Sonny,Engineering,Front of SIT,03/12/2020,03/12/2020,09:00,03/12/2020,17:00
1688,Sonny,Engineering,1st Floor Engineer Building,03/13/2020,03/13/2020,09:00,03/13/2020,17:00
1690,jackson,Liberal Art,1st Floor Engineer Building,03/14/2020,03/14/2020,09:00,03/14/2020,17:00
1691,Jonathan,Architect,1st Floor Engineer Building,03/15/2020,03/15/2020,09:00,03/15/2020,17:00
1692,Tom,SIT,FIBO Field,03/16/2020,03/16/2020,09:00,03/16/2020,17:00
1694,Tooky,Engineering,FIBO Field,03/17/2020,03/17/2020,09:00,03/17/2020,17:00
1695,Elsa,Science,Front of SIT,03/18/2020,03/18/2020,09:00,03/18/2020,17:00
1697,Atonio,Architect,Science Field,03/19/2020,03/19/2020,09:00,03/19/2020,17:00
1698,Antonio,SIT,FIBO Field,03/20/2020,03/20/2020,09:00,03/20/2020,17:00
1698,Antonio,SIT,1st Floor Engineer Building,03/21/2020,03/21/2020,09:00,03/21/2020,17:00
1700,John,Engineering,Science Field,03/22/2020,03/22/2020,09:00,03/22/2020,17:00
1702,Jim,Liberal Art,Front of SIT,03/23/2020,03/23/2020,09:00,03/23/2020,17:00
1704,Sandy,SIT,Front of SIT,03/24/2020,03/24/2020,09:00,03/24/2020,17:00
1706,Tony,Engineering,Science Field,03/25/2020,03/25/2020,09:00,03/25/2020,17:00
1706,Tony,Engineering,FIBO Field,03/26/2020,03/26/2020,09:00,03/26/2020,17:00
1708,Yoi,Liberal Art,Front of SIT,03/27/2020,03/27/2020,09:00,03/27/2020,17:00
1708,Yoi,Liberal Art,Front of SIT,03/28/2020,03/28/2020,09:00,03/28/2020,17:00
1710,Wang,SIT,Science Field,03/29/2020,03/29/2020,09:00,03/29/2020,17:00
1710,Wang,SIT,FIBO Field,03/30/2020,03/30/2020,09:00,03/30/2020,17:00
1711,Chao,SIT,FIBO Field,03/31/2020,03/31/2020,09:00,03/31/2020,17:00
1711,Chao,SIT,FIBO Field,04/01/2020,04/01/2020,09:00,04/01/2020,17:00
1713,Sonny,Science,Science Field,05/01/2018,04/02/2020,09:00,04/02/2020,17:00
1713,Sonny,Science,1st Floor Engineer Building,05/02/2018,04/03/2020,09:00,04/03/2020,17:00
1717,Tom,SIT,1st Floor Engineer Building,05/03/2018,04/04/2020,09:00,04/04/2020,17:00
1719,Tooky,Science,Science Field,05/04/2018,04/05/2020,09:00,04/05/2020,17:00
1719,Tooky,Science,Science Field,05/05/2018,04/06/2020,09:00,04/06/2020,17:00
1720,Elsa,Liberal Art,FIBO Field,05/06/2018,04/07/2020,09:00,04/07/2020,17:00
1721,Anna,Architect,1st Floor Engineer Building,05/07/2018,04/08/2020,09:00,04/08/2020,17:00
1722,Atonio,SIT,Front of SIT,05/08/2018,04/09/2020,09:00,04/09/2020,17:00
1722,Atonio,SIT,Front of SIT,05/09/2018,04/10/2020,09:00,04/10/2020,17:00
1723,Antonio,SIT,1st Floor Engineer Building,05/10/2018,04/11/2020,09:00,04/11/2020,17:00
1723,Antonio,SIT,Science Field,05/11/2018,04/12/2020,09:00,04/12/2020,17:00
1724,Simpson,Engineering,1st Floor Engineer Building,05/12/2018,04/13/2020,09:00,04/13/2020,17:00
1724,Simpson,Engineering,Front of SIT,05/13/2018,04/14/2020,09:00,04/14/2020,17:00
1725,John,Science,Science Field,05/14/2018,04/15/2020,09:00,04/15/2020,17:00
1728,Ann,SIT,Science Field,05/15/2018,04/16/2020,09:00,04/16/2020,17:00
1730,Alex,Engineering,FIBO Field,05/16/2018,04/17/2020,09:00,04/17/2020,17:00
1731,Tony,Science,Science Field,05/17/2018,04/18/2020,09:00,04/18/2020,17:00
1732,Sack,Liberal Art,1st Floor Engineer Building,05/18/2018,04/19/2020,09:00,04/19/2020,17:00
1732,Sack,Liberal Art,Science Field,05/19/2018,04/20/2020,09:00,04/20/2020,17:00
1732,Sack,Liberal Art,Front of SIT,05/20/2018,04/21/2020,09:00,04/21/2020,17:00
1733,Yoi,Architect,Front of SIT,05/21/2018,04/22/2020,09:00,04/22/2020,17:00
1733,Yoi,Architect,1st Floor Engineer Building,05/01/2018,04/23/2020,09:00,04/23/2020,17:00
1736,Chao,Engineering,Front of SIT,05/02/2018,04/24/2020,09:00,04/24/2020,17:00
1737,Elisa,Science,Front of SIT,05/03/2018,04/25/2020,09:00,04/25/2020,17:00
1738,Sonny,Liberal Art,FIBO Field,05/04/2018,04/26/2020,09:00,04/26/2020,17:00
1738,Sonny,Liberal Art,1st Floor Engineer Building,05/05/2018,04/27/2020,09:00,04/27/2020,17:00
1739,Simba,Architect,1st Floor Engineer Building,05/06/2018,04/28/2020,09:00,04/28/2020,17:00
1739,Simba,Architect,FIBO Field,05/07/2018,04/29/2020,09:00,04/29/2020,17:00
1740,jackson,SIT,Science Field,05/08/2018,04/30/2020,09:00,04/30/2020,17:00
1742,Tom,Engineering,1st Floor Engineer Building,05/09/2018,05/01/2020,09:00,05/01/2020,17:00
1742,Tom,Engineering,Front of SIT,05/10/2018,05/02/2020,09:00,05/02/2020,17:00
1742,Tom,Engineering,Front of SIT,05/11/2018,05/03/2020,09:00,05/03/2020,17:00
1743,Nick,Science,1st Floor Engineer Building,05/12/2018,05/04/2020,09:00,05/04/2020,17:00
1743,Nick,Science,Front of SIT,05/13/2018,05/05/2020,09:00,05/05/2020,17:00
1744,Tooky,Liberal Art,1st Floor Engineer Building,05/14/2018,05/06/2020,09:00,05/06/2020,17:00
1746,Anna,SIT,1st Floor Engineer Building,05/15/2018,05/07/2020,09:00,05/07/2020,17:00
1746,Anna,SIT,FIBO Field,05/16/2018,05/08/2020,09:00,05/08/2020,17:00
1746,Anna,SIT,Science Field,05/17/2018,05/09/2020,09:00,05/09/2020,17:00
1747,Atonio,SIT,FIBO Field,05/18/2018,05/10/2020,09:00,05/10/2020,17:00
1750,John,Liberal Art,Science Field,05/19/2018,05/11/2020,09:00,05/11/2020,17:00
1751,Jack,Architect,FIBO Field,05/20/2018,05/12/2020,09:00,05/12/2020,17:00
1752,Jim,SIT,1st Floor Engineer Building,05/21/2018,05/13/2020,09:00,05/13/2020,17:00
1753,Ann,SIT,FIBO Field,06/12/2018,05/14/2020,09:00,05/14/2020,17:00
1753,Ann,SIT,FIBO Field,06/13/2018,05/15/2020,09:00,05/15/2020,17:00
1755,Alex,Science,Front of SIT,06/14/2018,05/16/2020,09:00,05/16/2020,17:00
1755,Alex,Science,FIBO Field,06/15/2018,05/17/2020,09:00,05/17/2020,17:00
1757,Sack,Architect,1st Floor Engineer Building,06/16/2018,05/18/2020,09:00,05/18/2020,17:00
1757,Sack,Architect,Science Field,06/17/2018,05/19/2020,09:00,05/19/2020,17:00
1758,Yoi,SIT,Science Field,06/18/2018,05/20/2020,09:00,05/20/2020,17:00
1760,Wang,Engineering,Science Field,06/19/2018,05/21/2020,09:00,05/21/2020,17:00
1761,Chao,Science,1st Floor Engineer Building,06/20/2018,05/22/2020,09:00,05/22/2020,17:00
1761,Chao,Science,Science Field,06/21/2018,05/23/2020,10:00,05/23/2020,16:00
1762,Elisa,Liberal Art,1st Floor Engineer Building,06/22/2018,05/24/2020,10:00,05/24/2020,17:00
1765,jackson,SIT,FIBO Field,06/23/2018,05/25/2020,10:00,05/25/2020,17:00
1766,Jonathan,Engineering,Front of SIT,05/01/2018,05/26/2020,10:00,05/26/2020,17:00
1768,Nick,Liberal Art,Front of SIT,05/02/2018,05/27/2020,10:00,05/27/2020,17:00
1775,John,Architect,FIBO Field,05/03/2018,05/28/2020,10:00,05/28/2020,17:00
1776,Jack,SIT,Science Field,05/04/2018,05/29/2020,10:00,05/29/2020,17:00
1776,Jack,SIT,FIBO Field,05/05/2018,05/30/2020,10:00,05/30/2020,17:00
1776,Jack,SIT,Front of SIT,05/06/2018,05/31/2020,10:00,05/31/2020,17:00
1778,Ann,Engineering,Front of SIT,05/07/2018,06/01/2020,10:00,06/01/2020,17:00
1779,Sandy,Science,FIBO Field,05/08/2018,06/02/2020,10:00,06/02/2020,17:00
1782,Sack,SIT,FIBO Field,05/09/2018,06/03/2020,10:00,06/03/2020,17:00
1782,Sack,SIT,1st Floor Engineer Building,05/10/2018,06/04/2020,10:00,06/04/2020,17:00
1784,Lee,Engineering,FIBO Field,05/11/2018,06/05/2020,09:00,06/05/2020,17:00
1784,Lee,Engineering,Science Field,05/12/2018,06/06/2020,09:00,06/06/2020,17:00
1785,Wang,Science,Front of SIT,05/13/2018,06/07/2020,09:00,06/07/2020,17:00
1786,Chao,Liberal Art,1st Floor Engineer Building,05/14/2018,06/08/2020,09:00,06/08/2020,17:00
1788,Sonny,SIT,Front of SIT,05/15/2018,06/09/2020,09:00,06/09/2020,17:00
1788,Sonny,SIT,FIBO Field,05/16/2018,06/10/2020,09:00,06/10/2020,17:00
1789,Simba,SIT,Science Field,05/17/2018,06/11/2020,09:00,06/11/2020,17:00
1791,Jonathan,Science,Science Field,05/18/2018,06/12/2020,09:00,06/12/2020,17:00
1791,Jonathan,Science,Science Field,05/19/2018,06/13/2020,09:00,06/13/2020,17:00
1792,Tom,Liberal Art,FIBO Field,05/20/2018,06/14/2020,09:00,06/14/2020,17:00
1793,Nick,Architect,Science Field,05/21/2018,06/15/2020,09:00,06/15/2020,17:00
1794,Tooky,SIT,1st Floor Engineer Building,07/15/2018,06/16/2020,09:00,06/16/2020,17:00
1794,Tooky,SIT,1st Floor Engineer Building,07/16/2018,06/17/2020,09:00,06/17/2020,17:00
1796,Anna,Engineering,Front of SIT,07/17/2018,06/18/2020,09:00,06/18/2020,17:00
1797,Atonio,Science,Science Field,07/18/2018,06/19/2020,09:00,06/19/2020,17:00
1798,Antonio,Liberal Art,FIBO Field,07/19/2018,06/20/2020,09:00,06/20/2020,17:00
1799,Simpson,Architect,Science Field,07/20/2018,06/21/2020,09:00,06/21/2020,17:00
1799,Simpson,Architect,1st Floor Engineer Building,07/21/2018,06/22/2020,09:00,06/22/2020,17:00
1800,John,SIT,Science Field,07/22/2018,06/23/2020,09:00,06/23/2020,17:00
1806,Tony,SIT,FIBO Field,07/23/2018,06/24/2020,09:00,06/24/2020,17:00
1807,Sack,SIT,1st Floor Engineer Building,07/24/2018,06/25/2020,09:00,06/25/2020,17:00
1808,Yoi,Engineering,Front of SIT,07/25/2018,06/26/2020,09:00,06/26/2020,17:00
1808,Yoi,Engineering,1st Floor Engineer Building,07/26/2018,06/27/2020,09:00,06/27/2020,17:00
1809,Lee,Science,1st Floor Engineer Building,05/01/2018,06/28/2020,09:00,06/28/2020,17:00
1809,Lee,Science,FIBO Field,05/02/2018,06/29/2020,09:00,06/29/2020,17:00
1809,Lee,Science,Science Field,05/03/2018,06/30/2020,09:00,06/30/2020,17:00
1809,Lee,Science,1st Floor Engineer Building,05/04/2018,07/01/2020,09:00,07/01/2020,17:00
1810,Wang,Liberal Art,Front of SIT,05/05/2018,07/02/2020,09:00,07/02/2020,17:00
1811,Chao,Architect,FIBO Field,05/06/2018,07/03/2020,09:00,07/03/2020,17:00
1811,Chao,Architect,FIBO Field,05/07/2018,07/04/2020,09:00,07/04/2020,17:00
1813,Sonny,SIT,1st Floor Engineer Building,05/08/2018,07/05/2020,09:00,07/05/2020,17:00
1814,Simba,Engineering,Front of SIT,05/09/2018,07/06/2020,09:00,07/06/2020,17:00
1815,jackson,Science,Science Field,05/10/2018,07/07/2020,09:00,07/07/2020,17:00
1817,Tom,Architect,FIBO Field,05/11/2018,07/08/2020,09:00,07/08/2020,17:00
1818,Nick,SIT,FIBO Field,05/12/2018,07/09/2020,09:00,07/09/2020,17:00
1819,Tooky,SIT,Front of SIT,05/13/2018,07/10/2020,09:00,07/10/2020,17:00
1820,Elsa,Engineering,FIBO Field,05/14/2018,07/11/2020,09:00,07/11/2020,17:00
1820,Elsa,Engineering,1st Floor Engineer Building,05/15/2018,07/12/2020,09:00,07/12/2020,17:00
1821,Anna,Science,Front of SIT,05/16/2018,07/13/2020,09:00,07/13/2020,17:00
1821,Anna,Science,Science Field,05/17/2018,07/14/2020,09:00,07/14/2020,17:00
1821,Anna,Science,Front of SIT,05/18/2018,07/15/2020,09:00,07/15/2020,17:00
1824,Simpson,SIT,Front of SIT,05/19/2018,07/16/2020,09:00,07/16/2020,17:00
1825,John,SIT,Front of SIT,05/20/2018,07/17/2020,09:00,07/17/2020,17:00
1827,Jim,Science,Science Field,05/21/2018,07/18/2020,09:00,07/18/2020,17:00
1827,Jim,Science,Science Field,08/17/2018,07/19/2020,09:00,07/19/2020,17:00
1831,Tony,SIT,Front of SIT,08/18/2018,07/20/2020,09:00,07/20/2020,17:00
1835,Wang,Architect,Front of SIT,08/19/2018,07/21/2020,09:00,07/21/2020,17:00
1836,Chao,SIT,FIBO Field,08/20/2018,07/22/2020,09:00,07/22/2020,17:00
1836,Chao,SIT,FIBO Field,08/21/2018,07/23/2020,09:00,07/23/2020,17:00
1837,Elisa,SIT,1st Floor Engineer Building,08/22/2018,07/24/2020,09:00,07/24/2020,17:00
1838,Sonny,Engineering,FIBO Field,08/23/2018,07/25/2020,09:00,07/25/2020,17:00
1840,jackson,Liberal Art,1st Floor Engineer Building,08/24/2018,07/26/2020,09:00,07/26/2020,17:00
1840,jackson,Liberal Art,Science Field,08/25/2018,07/27/2020,09:00,07/27/2020,17:00
1840,jackson,Liberal Art,Front of SIT,08/26/2018,07/28/2020,09:00,07/28/2020,17:00
1841,Jonathan,Architect,1st Floor Engineer Building,08/27/2018,07/29/2020,09:00,07/29/2020,17:00
1842,Tom,SIT,1st Floor Engineer Building,08/28/2018,07/30/2020,09:00,07/30/2020,17:00
1843,Nick,SIT,1st Floor Engineer Building,08/29/2018,07/31/2020,09:00,07/31/2020,17:00
1843,Nick,SIT,Science Field,08/30/2018,08/01/2020,09:00,08/01/2020,17:00
1844,Tooky,Engineering,Science Field,08/31/2018,08/02/2020,09:00,08/02/2020,17:00
1844,Tooky,Engineering,Science Field,09/01/2018,08/03/2020,09:00,08/03/2020,17:00
1845,Elsa,Science,Front of SIT,09/02/2018,08/04/2020,09:00,08/04/2020,17:00
1846,Anna,Liberal Art,Science Field,05/01/2018,08/05/2020,09:00,08/05/2020,17:00
1849,Simpson,SIT,FIBO Field,05/02/2018,08/06/2020,09:00,08/06/2020,17:00
1849,Simpson,SIT,FIBO Field,05/03/2018,08/07/2020,09:00,08/07/2020,17:00
1851,Jack,Science,Front of SIT,05/04/2018,08/08/2020,09:00,08/08/2020,17:00
1854,Sandy,SIT,FIBO Field,05/05/2018,08/09/2020,09:00,08/09/2020,17:00
1854,Sandy,SIT,Science Field,05/06/2018,08/10/2020,09:00,08/10/2020,17:00
1856,Tony,Engineering,FIBO Field,05/07/2018,08/11/2020,09:00,08/11/2020,17:00
1856,Tony,Engineering,Science Field,05/08/2018,08/12/2020,09:00,08/12/2020,17:00
1856,Tony,Engineering,Science Field,05/09/2018,08/13/2020,09:00,08/13/2020,17:00
1857,Sack,Science,FIBO Field,05/10/2018,08/14/2020,09:00,08/14/2020,17:00
1858,Yoi,Liberal Art,1st Floor Engineer Building,05/11/2018,08/15/2020,09:00,08/15/2020,17:00
1858,Yoi,Liberal Art,Science Field,05/12/2018,08/16/2020,09:00,08/16/2020,17:00
1859,Lee,Architect,1st Floor Engineer Building,05/13/2018,08/17/2020,09:00,08/17/2020,17:00
1860,Wang,SIT,Science Field,05/14/2018,08/18/2020,09:00,08/18/2020,17:00
1860,Wang,SIT,1st Floor Engineer Building,05/15/2018,08/19/2020,09:00,08/19/2020,16:00
1864,Simba,Liberal Art,Front of SIT,05/16/2018,08/20/2020,09:00,08/20/2020,16:00
1864,Simba,Liberal Art,Front of SIT,05/17/2018,08/21/2020,09:00,08/21/2020,16:00
1865,jackson,Architect,Science Field,05/18/2018,08/22/2020,09:00,08/22/2020,16:00
1868,Nick,Engineering,FIBO Field,05/19/2018,08/23/2020,09:00,08/23/2020,16:00
1868,Nick,Engineering,1st Floor Engineer Building,05/20/2018,08/24/2020,09:00,08/24/2020,16:00
1869,Tooky,Science,Science Field,05/21/2018,08/25/2020,09:00,08/25/2020,16:00
1870,Elsa,Liberal Art,Science Field,09/24/2018,08/26/2020,09:00,08/26/2020,16:00
1872,Atonio,SIT,Science Field,09/25/2018,08/27/2020,09:00,08/27/2020,16:00
1873,Antonio,SIT,1st Floor Engineer Building,09/26/2018,08/28/2020,09:00,08/28/2020,16:00
1874,Simpson,Engineering,Front of SIT,09/27/2018,08/29/2020,09:00,08/29/2020,16:00
1877,Jim,Architect,FIBO Field,09/28/2018,08/30/2020,09:00,08/30/2020,16:00
1878,Ann,SIT,FIBO Field,09/29/2018,08/31/2020,09:00,08/31/2020,16:00
1878,Ann,SIT,1st Floor Engineer Building,05/01/2018,09/01/2020,09:00,09/01/2020,16:00
1879,Sandy,SIT,FIBO Field,05/02/2018,09/02/2020,09:00,09/02/2020,16:00
1880,Alex,Engineering,Front of SIT,05/03/2018,09/03/2020,09:00,09/03/2020,16:00
1883,Yoi,Architect,1st Floor Engineer Building,05/04/2018,09/04/2020,09:00,09/04/2020,16:00
1883,Yoi,Architect,Science Field,05/05/2018,09/05/2020,09:00,09/05/2020,16:00
1885,Wang,SIT,FIBO Field,05/06/2018,09/06/2020,09:00,09/06/2020,16:00
1886,Chao,Engineering,1st Floor Engineer Building,05/07/2018,09/07/2020,09:00,09/07/2020,16:00
1886,Chao,Engineering,FIBO Field,05/08/2018,09/08/2020,09:00,09/08/2020,16:00
1886,Chao,Engineering,FIBO Field,05/09/2018,09/09/2020,09:00,09/09/2020,16:00
1887,Elisa,Science,1st Floor Engineer Building,05/10/2018,09/10/2020,09:00,09/10/2020,16:00
1887,Elisa,Science,Front of SIT,05/11/2018,09/11/2020,09:00,09/11/2020,17:00
1888,Sonny,Liberal Art,1st Floor Engineer Building,05/12/2018,09/12/2020,09:00,09/12/2020,17:00
1888,Sonny,Liberal Art,Science Field,05/13/2018,09/13/2020,09:00,09/13/2020,17:00
1888,Sonny,Liberal Art,Front of SIT,05/14/2018,09/14/2020,09:00,09/14/2020,17:00
1890,jackson,SIT,1st Floor Engineer Building,05/15/2018,09/15/2020,09:00,09/15/2020,17:00
1890,jackson,SIT,FIBO Field,05/16/2018,09/16/2020,09:00,09/16/2020,17:00
1893,Nick,Science,Science Field,05/17/2018,09/17/2020,09:00,09/17/2020,17:00
1895,Elsa,Architect,Front of SIT,05/18/2018,09/18/2020,09:00,09/18/2020,17:00
1896,Anna,SIT,Science Field,05/19/2018,09/19/2020,09:00,09/19/2020,17:00
1896,Anna,SIT,1st Floor Engineer Building,05/20/2018,09/20/2020,09:00,09/20/2020,17:00
1899,Simpson,Science,Science Field,05/21/2018,09/21/2020,09:00,09/21/2020,17:00
1899,Simpson,Science,Front of SIT,10/21/2018,09/22/2020,09:00,09/22/2020,17:00
1900,John,Liberal Art,FIBO Field,10/22/2018,09/23/2020,09:00,09/23/2020,17:00
1901,Jack,Architect,Science Field,10/23/2018,09/24/2020,09:00,09/24/2020,17:00
1904,Sandy,Engineering,1st Floor Engineer Building,10/24/2018,09/25/2020,09:00,09/25/2020,17:00
1904,Sandy,Engineering,Science Field,10/25/2018,09/26/2020,09:00,09/26/2020,17:00
1905,Alex,Science,Science Field,05/01/2018,09/27/2020,09:00,09/27/2020,17:00
1905,Alex,Science,1st Floor Engineer Building,05/02/2018,09/28/2020,09:00,09/28/2020,17:00
1906,Tony,Liberal Art,Science Field,05/03/2018,09/29/2020,09:00,09/29/2020,17:00
1906,Tony,Liberal Art,Front of SIT,05/04/2018,09/30/2020,09:00,09/30/2020,17:00
1906,Tony,Liberal Art,1st Floor Engineer Building,05/05/2018,10/01/2020,09:00,10/01/2020,17:00
1908,Yoi,SIT,1st Floor Engineer Building,05/06/2018,10/02/2020,09:00,10/02/2020,17:00
1910,Wang,Engineering,Front of SIT,05/07/2018,10/03/2020,09:00,10/03/2020,17:00
1910,Wang,Engineering,Science Field,05/08/2018,10/04/2020,09:00,10/04/2020,17:00
1911,Chao,Science,Front of SIT,05/09/2018,10/05/2020,09:00,10/05/2020,17:00
1911,Chao,Science,FIBO Field,05/10/2018,10/06/2020,09:00,10/06/2020,17:00
1912,Elisa,Liberal Art,1st Floor Engineer Building,05/11/2018,10/07/2020,09:00,10/07/2020,17:00
1912,Elisa,Liberal Art,1st Floor Engineer Building,05/12/2018,10/08/2020,09:00,10/08/2020,17:00
1913,Sonny,Architect,Science Field,05/13/2018,10/09/2020,09:00,10/09/2020,17:00
1914,Simba,SIT,FIBO Field,05/14/2018,10/10/2020,09:00,10/10/2020,17:00
1914,Simba,SIT,FIBO Field,05/15/2018,10/11/2020,09:00,10/11/2020,17:00
1915,jackson,SIT,1st Floor Engineer Building,05/16/2018,10/12/2020,09:00,10/12/2020,17:00
1915,jackson,SIT,FIBO Field,05/17/2018,10/13/2020,09:00,10/13/2020,17:00
1916,Jonathan,Engineering,Front of SIT,05/18/2018,10/14/2020,09:00,10/14/2020,17:00
1917,Tom,Science,1st Floor Engineer Building,05/19/2018,10/15/2020,09:00,10/15/2020,17:00
1919,Tooky,Architect,FIBO Field,05/20/2018,10/16/2020,09:00,10/16/2020,17:00
1920,Elsa,SIT,Front of SIT,05/21/2018,10/17/2020,09:00,10/17/2020,17:00
1921,Anna,SIT,1st Floor Engineer Building,11/16/2018,10/18/2020,09:00,10/18/2020,17:00
1921,Anna,SIT,Science Field,11/17/2018,10/19/2020,09:00,10/19/2020,17:00
1922,Atonio,Engineering,Front of SIT,11/18/2018,10/20/2020,09:00,10/20/2020,17:00
1923,Antonio,Science,Front of SIT,11/19/2018,10/21/2020,09:00,10/21/2020,17:00
1923,Antonio,Science,Science Field,05/01/2018,10/22/2020,09:00,10/22/2020,17:00
1924,Simpson,Liberal Art,Front of SIT,05/02/2018,10/23/2020,09:00,10/23/2020,17:00
1925,John,Architect,Front of SIT,05/03/2018,10/24/2020,09:00,10/24/2020,17:00
1928,Ann,Engineering,Science Field,05/04/2018,10/25/2020,09:00,10/25/2020,17:00
1930,Alex,Liberal Art,Science Field,05/05/2018,10/26/2020,09:00,10/26/2020,17:00
1931,Tony,Architect,Science Field,05/06/2018,10/27/2020,09:00,10/27/2020,17:00
1933,Yoi,SIT,Science Field,05/07/2018,10/28/2020,09:00,10/28/2020,17:00
1933,Yoi,SIT,1st Floor Engineer Building,05/08/2018,10/29/2020,09:00,10/29/2020,17:00
1935,Wang,Science,Front of SIT,05/09/2018,10/30/2020,09:00,10/30/2020,17:00
1936,Chao,Liberal Art,Science Field,05/10/2018,10/31/2020,09:00,10/31/2020,17:00
1936,Chao,Liberal Art,FIBO Field,05/11/2018,11/01/2020,09:00,11/01/2020,17:00
1937,Elisa,Architect,1st Floor Engineer Building,05/12/2018,11/02/2020,09:00,11/02/2020,17:00
1939,Simba,SIT,Science Field,05/13/2018,11/03/2020,09:00,11/03/2020,17:00
1941,Jonathan,Science,Front of SIT,05/14/2018,11/04/2020,09:00,11/04/2020,17:00
1942,Tom,Liberal Art,FIBO Field,05/15/2018,11/05/2020,09:00,11/05/2020,17:00
1943,Nick,Architect,Science Field,05/16/2018,11/06/2020,09:00,11/06/2020,17:00
1943,Nick,Architect,Front of SIT,05/17/2018,11/07/2020,09:00,11/07/2020,17:00
1944,Tooky,SIT,FIBO Field,05/18/2018,11/08/2020,09:00,11/08/2020,17:00
1945,Elsa,SIT,1st Floor Engineer Building,05/19/2018,11/09/2020,09:00,11/09/2020,17:00
1945,Elsa,SIT,Front of SIT,05/20/2018,11/10/2020,09:00,11/10/2020,17:00
1947,Atonio,Science,FIBO Field,05/21/2018,11/11/2020,09:00,11/11/2020,17:00
1949,Simpson,Architect,1st Floor Engineer Building,12/11/2018,11/12/2020,09:00,11/12/2020,17:00
1950,John,SIT,FIBO Field,12/12/2018,11/13/2020,09:00,11/13/2020,17:00
1951,Jack,SIT,Science Field,05/01/2018,11/14/2020,09:00,11/14/2020,17:00
1952,Jim,Engineering,Front of SIT,05/02/2018,11/15/2020,09:00,11/15/2020,17:00
1953,Ann,Science,Front of SIT,05/03/2018,11/16/2020,09:00,11/16/2020,17:00
1954,Sandy,Liberal Art,FIBO Field,05/04/2018,11/17/2020,09:00,11/17/2020,17:00
1955,Alex,Architect,1st Floor Engineer Building,05/05/2018,11/18/2020,09:00,11/18/2020,17:00
1959,Lee,Science,1st Floor Engineer Building,05/06/2018,11/19/2020,09:00,11/19/2020,17:00
1961,Chao,Architect,Science Field,05/07/2018,11/20/2020,09:00,11/20/2020,17:00
1961,Chao,Architect,Front of SIT,05/08/2018,11/21/2020,09:00,11/21/2020,17:00
1964,Simba,Engineering,Front of SIT,05/09/2018,11/22/2020,09:00,11/22/2020,17:00
1964,Simba,Engineering,Front of SIT,05/10/2018,11/23/2020,09:00,11/23/2020,17:00
1965,jackson,Science,Science Field,05/11/2018,11/24/2020,09:00,11/24/2020,17:00
1965,jackson,Science,FIBO Field,05/12/2018,11/25/2020,09:00,11/25/2020,17:00
1966,Jonathan,Liberal Art,FIBO Field,05/13/2018,11/26/2020,09:00,11/26/2020,17:00
1967,Tom,Architect,Front of SIT,05/14/2018,11/27/2020,09:00,11/27/2020,17:00
1968,Nick,SIT,1st Floor Engineer Building,05/15/2018,11/28/2020,09:00,11/28/2020,17:00
1968,Nick,SIT,Science Field,05/16/2018,11/29/2020,09:00,11/29/2020,17:00
1969,Tooky,SIT,Front of SIT,05/17/2018,11/30/2020,09:00,11/30/2020,17:00
1972,Atonio,Liberal Art,FIBO Field,05/18/2018,12/01/2020,09:00,12/01/2020,17:00
1973,Antonio,Architect,1st Floor Engineer Building,05/19/2018,12/02/2020,09:00,12/02/2020,17:00
1973,Antonio,Architect,Science Field,05/20/2018,12/03/2020,09:00,12/03/2020,17:00
1974,Simpson,SIT,1st Floor Engineer Building,05/21/2018,12/04/2020,09:00,12/04/2020,17:00
1974,Simpson,SIT,FIBO Field,01/03/2019,12/05/2020,09:00,12/05/2020,17:00
1975,John,SIT,1st Floor Engineer Building,01/04/2019,12/06/2020,09:00,12/06/2020,17:00
1982,Sack,Engineering,FIBO Field,01/05/2019,12/07/2020,09:00,12/07/2020,17:00
1983,Yoi,Science,1st Floor Engineer Building,01/06/2019,12/08/2020,09:00,12/08/2020,17:00
1984,Lee,Liberal Art,Front of SIT,01/07/2019,12/09/2020,09:00,12/09/2020,17:00
1986,Chao,SIT,Science Field,01/08/2019,12/10/2020,09:00,12/10/2020,17:00
1986,Chao,SIT,Science Field,01/09/2019,12/11/2020,09:00,12/11/2020,17:00
1986,Chao,SIT,FIBO Field,01/10/2019,12/12/2020,09:00,12/12/2020,17:00
1987,Elisa,SIT,Science Field,01/11/2019,12/13/2020,09:00,12/13/2020,17:00
1987,Elisa,SIT,1st Floor Engineer Building,01/12/2019,12/14/2020,09:00,12/14/2020,17:00
1990,jackson,Liberal Art,Front of SIT,01/13/2019,12/15/2020,09:00,12/15/2020,17:00
1991,Jonathan,Architect,Science Field,01/14/2019,12/16/2020,09:00,12/16/2020,17:00
1991,Jonathan,Architect,Science Field,01/15/2019,12/17/2020,09:00,12/17/2020,17:00
1991,Jonathan,Architect,Front of SIT,01/16/2019,12/18/2020,09:00,12/18/2020,17:00
1992,Tom,SIT,Front of SIT,01/17/2019,12/19/2020,09:00,12/19/2020,17:00
1994,Tooky,Engineering,1st Floor Engineer Building,01/18/2019,12/20/2020,09:00,12/20/2020,17:00
1995,Elsa,Science,Front of SIT,01/19/2019,12/21/2020,09:00,12/21/2020,17:00
1996,Anna,Liberal Art,FIBO Field,01/20/2019,12/22/2020,09:00,12/22/2020,17:00
1996,Anna,Liberal Art,Front of SIT,01/21/2019,12/23/2020,09:00,12/23/2020,17:00
1999,Simpson,SIT,Science Field,01/22/2019,12/24/2020,09:00,12/24/2020,17:00
